index,class_1,class_2,class_3,male,female,age,sipsp,parch,A_ticket,C_ticket,CA_ticket,FC_ticket,numeric_ticket,Others_ticket,PC_ticket,PP_ticket,SC_ticket,SO_ticket,SOTON_ticket,STON_ticket,W_ticket,Fare,Embarked_C,Embarked_Q,Embarked_S,Survival
1,0,0,1,1,0,22,1,0,1,0,0,0,0,0,0,0,0,0,0,0,0,7.25,0,0,1,0
2,1,0,0,0,1,38,1,0,0,0,0,0,0,0,1,0,0,0,0,0,0,71.2833,1,0,0,1
3,0,0,1,0,1,26,0,0,0,0,0,0,0,0,0,0,0,0,0,1,0,7.925,0,0,1,1
4,1,0,0,0,1,35,1,0,0,0,0,0,1,0,0,0,0,0,0,0,0,53.1,0,0,1,1
5,0,0,1,1,0,35,0,0,0,0,0,0,1,0,0,0,0,0,0,0,0,8.05,0,0,1,0
6,0,0,1,1,0,,0,0,0,0,0,0,1,0,0,0,0,0,0,0,0,8.4583,0,1,0,0
7,1,0,0,1,0,54,0,0,0,0,0,0,1,0,0,0,0,0,0,0,0,51.8625,0,0,1,0
8,0,0,1,1,0,2,3,1,0,0,0,0,1,0,0,0,0,0,0,0,0,21.075,0,0,1,0
9,0,0,1,0,1,27,0,2,0,0,0,0,1,0,0,0,0,0,0,0,0,11.1333,0,0,1,1
10,0,1,0,0,1,14,1,0,0,0,0,0,1,0,0,0,0,0,0,0,0,30.0708,1,0,0,1
11,0,0,1,0,1,4,1,1,0,0,0,0,0,0,0,1,0,0,0,0,0,16.7,0,0,1,1
12,1,0,0,0,1,58,0,0,0,0,0,0,1,0,0,0,0,0,0,0,0,26.55,0,0,1,1
13,0,0,1,1,0,20,0,0,1,0,0,0,0,0,0,0,0,0,0,0,0,8.05,0,0,1,0
14,0,0,1,1,0,39,1,5,0,0,0,0,1,0,0,0,0,0,0,0,0,31.275,0,0,1,0
15,0,0,1,0,1,14,0,0,0,0,0,0,1,0,0,0,0,0,0,0,0,7.8542,0,0,1,0
16,0,1,0,0,1,55,0,0,0,0,0,0,1,0,0,0,0,0,0,0,0,16,0,0,1,1
17,0,0,1,1,0,2,4,1,0,0,0,0,1,0,0,0,0,0,0,0,0,29.125,0,1,0,0
18,0,1,0,1,0,,0,0,0,0,0,0,1,0,0,0,0,0,0,0,0,13,0,0,1,1
19,0,0,1,0,1,31,1,0,0,0,0,0,1,0,0,0,0,0,0,0,0,18,0,0,1,0
20,0,0,1,0,1,,0,0,0,0,0,0,1,0,0,0,0,0,0,0,0,7.225,1,0,0,1
21,0,1,0,1,0,35,0,0,0,0,0,0,1,0,0,0,0,0,0,0,0,26,0,0,1,0
22,0,1,0,1,0,34,0,0,0,0,0,0,1,0,0,0,0,0,0,0,0,13,0,0,1,1
23,0,0,1,0,1,15,0,0,0,0,0,0,1,0,0,0,0,0,0,0,0,8.0292,0,1,0,1
24,1,0,0,1,0,28,0,0,0,0,0,0,1,0,0,0,0,0,0,0,0,35.5,0,0,1,1
25,0,0,1,0,1,8,3,1,0,0,0,0,1,0,0,0,0,0,0,0,0,21.075,0,0,1,0
26,0,0,1,0,1,38,1,5,0,0,0,0,1,0,0,0,0,0,0,0,0,31.3875,0,0,1,1
27,0,0,1,1,0,,0,0,0,0,0,0,1,0,0,0,0,0,0,0,0,7.225,1,0,0,0
28,1,0,0,1,0,19,3,2,0,0,0,0,1,0,0,0,0,0,0,0,0,263,0,0,1,0
29,0,0,1,0,1,,0,0,0,0,0,0,1,0,0,0,0,0,0,0,0,7.8792,0,1,0,1
30,0,0,1,1,0,,0,0,0,0,0,0,1,0,0,0,0,0,0,0,0,7.8958,0,0,1,0
31,1,0,0,1,0,40,0,0,0,0,0,0,0,0,1,0,0,0,0,0,0,27.7208,1,0,0,0
32,1,0,0,0,1,,1,0,0,0,0,0,0,0,1,0,0,0,0,0,0,146.5208,1,0,0,1
33,0,0,1,0,1,,0,0,0,0,0,0,1,0,0,0,0,0,0,0,0,7.75,0,1,0,1
34,0,1,0,1,0,66,0,0,0,0,1,0,0,0,0,0,0,0,0,0,0,10.5,0,0,1,0
35,1,0,0,1,0,28,1,0,0,0,0,0,0,0,1,0,0,0,0,0,0,82.1708,1,0,0,0
36,1,0,0,1,0,42,1,0,0,0,0,0,1,0,0,0,0,0,0,0,0,52,0,0,1,0
37,0,0,1,1,0,,0,0,0,0,0,0,1,0,0,0,0,0,0,0,0,7.2292,1,0,0,1
38,0,0,1,1,0,21,0,0,1,0,0,0,0,0,0,0,0,0,0,0,0,8.05,0,0,1,0
39,0,0,1,0,1,18,2,0,0,0,0,0,1,0,0,0,0,0,0,0,0,18,0,0,1,0
40,0,0,1,0,1,14,1,0,0,0,0,0,1,0,0,0,0,0,0,0,0,11.2417,1,0,0,1
41,0,0,1,0,1,40,1,0,0,0,0,0,1,0,0,0,0,0,0,0,0,9.475,0,0,1,0
42,0,1,0,0,1,27,1,0,0,0,0,0,1,0,0,0,0,0,0,0,0,21,0,0,1,0
43,0,0,1,1,0,,0,0,0,0,0,0,1,0,0,0,0,0,0,0,0,7.8958,1,0,0,0
44,0,1,0,0,1,3,1,2,0,0,0,0,0,0,0,0,1,0,0,0,0,41.5792,1,0,0,1
45,0,0,1,0,1,19,0,0,0,0,0,0,1,0,0,0,0,0,0,0,0,7.8792,0,1,0,1
46,0,0,1,1,0,,0,0,0,0,0,0,0,0,0,0,1,0,0,0,0,8.05,0,0,1,0
47,0,0,1,1,0,,1,0,0,0,0,0,1,0,0,0,0,0,0,0,0,15.5,0,1,0,0
48,0,0,1,0,1,,0,0,0,0,0,0,1,0,0,0,0,0,0,0,0,7.75,0,1,0,1
49,0,0,1,1,0,,2,0,0,0,0,0,1,0,0,0,0,0,0,0,0,21.6792,1,0,0,0
50,0,0,1,0,1,18,1,0,0,0,0,0,1,0,0,0,0,0,0,0,0,17.8,0,0,1,0
51,0,0,1,1,0,7,4,1,0,0,0,0,1,0,0,0,0,0,0,0,0,39.6875,0,0,1,0
52,0,0,1,1,0,21,0,0,1,0,0,0,0,0,0,0,0,0,0,0,0,7.8,0,0,1,0
53,1,0,0,0,1,49,1,0,0,0,0,0,0,0,1,0,0,0,0,0,0,76.7292,1,0,0,1
54,0,1,0,0,1,29,1,0,0,0,0,0,1,0,0,0,0,0,0,0,0,26,0,0,1,1
55,1,0,0,1,0,65,0,1,0,0,0,0,1,0,0,0,0,0,0,0,0,61.9792,1,0,0,0
56,1,0,0,1,0,,0,0,0,0,0,0,1,0,0,0,0,0,0,0,0,35.5,0,0,1,1
57,0,1,0,0,1,21,0,0,0,0,1,0,0,0,0,0,0,0,0,0,0,10.5,0,0,1,1
58,0,0,1,1,0,28.5,0,0,0,0,0,0,1,0,0,0,0,0,0,0,0,7.2292,1,0,0,0
59,0,1,0,0,1,5,1,2,0,0,1,0,0,0,0,0,0,0,0,0,0,27.75,0,0,1,1
60,0,0,1,1,0,11,5,2,0,0,1,0,0,0,0,0,0,0,0,0,0,46.9,0,0,1,0
61,0,0,1,1,0,22,0,0,0,0,0,0,1,0,0,0,0,0,0,0,0,7.2292,1,0,0,0
62,1,0,0,0,1,38,0,0,0,0,0,0,1,0,0,0,0,0,0,0,0,80,0,0,0,1
63,1,0,0,1,0,45,1,0,0,0,0,0,1,0,0,0,0,0,0,0,0,83.475,0,0,1,0
64,0,0,1,1,0,4,3,2,0,0,0,0,1,0,0,0,0,0,0,0,0,27.9,0,0,1,0
65,1,0,0,1,0,,0,0,0,0,0,0,0,0,1,0,0,0,0,0,0,27.7208,1,0,0,0
66,0,0,1,1,0,,1,1,0,0,0,0,1,0,0,0,0,0,0,0,0,15.2458,1,0,0,1
67,0,1,0,0,1,29,0,0,0,0,1,0,0,0,0,0,0,0,0,0,0,10.5,0,0,1,1
68,0,0,1,1,0,19,0,0,0,0,0,0,0,1,0,0,0,0,0,0,0,8.1583,0,0,1,0
69,0,0,1,0,1,17,4,2,0,0,0,0,1,0,0,0,0,0,0,0,0,7.925,0,0,1,1
70,0,0,1,1,0,26,2,0,0,0,0,0,1,0,0,0,0,0,0,0,0,8.6625,0,0,1,0
71,0,1,0,1,0,32,0,0,0,0,1,0,0,0,0,0,0,0,0,0,0,10.5,0,0,1,0
72,0,0,1,0,1,16,5,2,0,0,1,0,0,0,0,0,0,0,0,0,0,46.9,0,0,1,0
73,0,1,0,1,0,21,0,0,0,0,0,0,0,0,0,0,0,1,0,0,0,73.5,0,0,1,0
74,0,0,1,1,0,26,1,0,0,0,0,0,1,0,0,0,0,0,0,0,0,14.4542,1,0,0,0
75,0,0,1,1,0,32,0,0,0,0,0,0,1,0,0,0,0,0,0,0,0,56.4958,0,0,1,1
76,0,0,1,1,0,25,0,0,0,0,0,0,1,0,0,0,0,0,0,0,0,7.65,0,0,1,0
77,0,0,1,1,0,,0,0,0,0,0,0,1,0,0,0,0,0,0,0,0,7.8958,0,0,1,0
78,0,0,1,1,0,,0,0,0,0,0,0,1,0,0,0,0,0,0,0,0,8.05,0,0,1,0
79,0,1,0,1,0,0.83,0,2,0,0,0,0,1,0,0,0,0,0,0,0,0,29,0,0,1,1
80,0,0,1,0,1,30,0,0,0,0,0,0,1,0,0,0,0,0,0,0,0,12.475,0,0,1,1
81,0,0,1,1,0,22,0,0,0,0,0,0,1,0,0,0,0,0,0,0,0,9,0,0,1,0
82,0,0,1,1,0,29,0,0,0,0,0,0,1,0,0,0,0,0,0,0,0,9.5,0,0,1,1
83,0,0,1,0,1,,0,0,0,0,0,0,1,0,0,0,0,0,0,0,0,7.7875,0,1,0,1
84,1,0,0,1,0,28,0,0,0,0,0,0,1,0,0,0,0,0,0,0,0,47.1,0,0,1,0
85,0,1,0,0,1,17,0,0,0,0,0,0,0,0,0,0,0,1,0,0,0,10.5,0,0,1,1
86,0,0,1,0,1,33,3,0,0,0,0,0,1,0,0,0,0,0,0,0,0,15.85,0,0,1,1
87,0,0,1,1,0,16,1,3,0,0,0,0,0,0,0,0,0,0,0,0,1,34.375,0,0,1,0
88,0,0,1,1,0,,0,0,0,0,0,0,0,0,0,0,0,0,1,0,0,8.05,0,0,1,0
89,1,0,0,0,1,23,3,2,0,0,0,0,1,0,0,0,0,0,0,0,0,263,0,0,1,1
90,0,0,1,1,0,24,0,0,0,0,0,0,1,0,0,0,0,0,0,0,0,8.05,0,0,1,0
91,0,0,1,1,0,29,0,0,0,0,0,0,1,0,0,0,0,0,0,0,0,8.05,0,0,1,0
92,0,0,1,1,0,20,0,0,0,0,0,0,1,0,0,0,0,0,0,0,0,7.8542,0,0,1,0
93,1,0,0,1,0,46,1,0,0,0,0,0,0,0,0,0,0,0,0,0,1,61.175,0,0,1,0
94,0,0,1,1,0,26,1,2,0,0,1,0,0,0,0,0,0,0,0,0,0,20.575,0,0,1,0
95,0,0,1,1,0,59,0,0,0,0,0,0,1,0,0,0,0,0,0,0,0,7.25,0,0,1,0
96,0,0,1,1,0,,0,0,0,0,0,0,1,0,0,0,0,0,0,0,0,8.05,0,0,1,0
97,1,0,0,1,0,71,0,0,0,0,0,0,0,0,1,0,0,0,0,0,0,34.6542,1,0,0,0
98,1,0,0,1,0,23,0,1,0,0,0,0,0,0,1,0,0,0,0,0,0,63.3583,1,0,0,1
99,0,1,0,0,1,34,0,1,0,0,0,0,1,0,0,0,0,0,0,0,0,23,0,0,1,1
100,0,1,0,1,0,34,1,0,0,0,0,0,1,0,0,0,0,0,0,0,0,26,0,0,1,0
101,0,0,1,0,1,28,0,0,0,0,0,0,1,0,0,0,0,0,0,0,0,7.8958,0,0,1,0
102,0,0,1,1,0,,0,0,0,0,0,0,1,0,0,0,0,0,0,0,0,7.8958,0,0,1,0
103,1,0,0,1,0,21,0,1,0,0,0,0,1,0,0,0,0,0,0,0,0,77.2875,0,0,1,0
104,0,0,1,1,0,33,0,0,0,0,0,0,1,0,0,0,0,0,0,0,0,8.6542,0,0,1,0
105,0,0,1,1,0,37,2,0,0,0,0,0,1,0,0,0,0,0,0,0,0,7.925,0,0,1,0
106,0,0,1,1,0,28,0,0,0,0,0,0,1,0,0,0,0,0,0,0,0,7.8958,0,0,1,0
107,0,0,1,0,1,21,0,0,0,0,0,0,1,0,0,0,0,0,0,0,0,7.65,0,0,1,1
108,0,0,1,1,0,,0,0,0,0,0,0,1,0,0,0,0,0,0,0,0,7.775,0,0,1,1
109,0,0,1,1,0,38,0,0,0,0,0,0,1,0,0,0,0,0,0,0,0,7.8958,0,0,1,0
110,0,0,1,0,1,,1,0,0,0,0,0,1,0,0,0,0,0,0,0,0,24.15,0,1,0,1
111,1,0,0,1,0,47,0,0,0,0,0,0,1,0,0,0,0,0,0,0,0,52,0,0,1,0
112,0,0,1,0,1,14.5,1,0,0,0,0,0,1,0,0,0,0,0,0,0,0,14.4542,1,0,0,0
113,0,0,1,1,0,22,0,0,0,0,0,0,1,0,0,0,0,0,0,0,0,8.05,0,0,1,0
114,0,0,1,0,1,20,1,0,0,0,0,0,1,0,0,0,0,0,0,0,0,9.825,0,0,1,0
115,0,0,1,0,1,17,0,0,0,0,0,0,1,0,0,0,0,0,0,0,0,14.4583,1,0,0,0
116,0,0,1,1,0,21,0,0,0,0,0,0,0,0,0,0,0,0,0,1,0,7.925,0,0,1,0
117,0,0,1,1,0,70.5,0,0,0,0,0,0,1,0,0,0,0,0,0,0,0,7.75,0,1,0,0
118,0,1,0,1,0,29,1,0,0,0,0,0,1,0,0,0,0,0,0,0,0,21,0,0,1,0
119,1,0,0,1,0,24,0,1,0,0,0,0,0,0,1,0,0,0,0,0,0,247.5208,1,0,0,0
120,0,0,1,0,1,2,4,2,0,0,0,0,1,0,0,0,0,0,0,0,0,31.275,0,0,1,0
121,0,1,0,1,0,21,2,0,0,0,0,0,0,0,0,0,0,1,0,0,0,73.5,0,0,1,0
122,0,0,1,1,0,,0,0,1,0,0,0,0,0,0,0,0,0,0,0,0,8.05,0,0,1,0
123,0,1,0,1,0,32.5,1,0,0,0,0,0,1,0,0,0,0,0,0,0,0,30.0708,1,0,0,0
124,0,1,0,0,1,32.5,0,0,0,0,0,0,1,0,0,0,0,0,0,0,0,13,0,0,1,1
125,1,0,0,1,0,54,0,1,0,0,0,0,1,0,0,0,0,0,0,0,0,77.2875,0,0,1,0
126,0,0,1,1,0,12,1,0,0,0,0,0,1,0,0,0,0,0,0,0,0,11.2417,1,0,0,1
127,0,0,1,1,0,,0,0,0,0,0,0,1,0,0,0,0,0,0,0,0,7.75,0,1,0,0
128,0,0,1,1,0,24,0,0,0,1,0,0,0,0,0,0,0,0,0,0,0,7.1417,0,0,1,1
129,0,0,1,0,1,,1,1,0,0,0,0,1,0,0,0,0,0,0,0,0,22.3583,1,0,0,1
130,0,0,1,1,0,45,0,0,0,0,0,0,1,0,0,0,0,0,0,0,0,6.975,0,0,1,0
131,0,0,1,1,0,33,0,0,0,0,0,0,1,0,0,0,0,0,0,0,0,7.8958,1,0,0,0
132,0,0,1,1,0,20,0,0,0,0,0,0,0,0,0,0,0,0,1,0,0,7.05,0,0,1,0
133,0,0,1,0,1,47,1,0,1,0,0,0,0,0,0,0,0,0,0,0,0,14.5,0,0,1,0
134,0,1,0,0,1,29,1,0,0,0,0,0,1,0,0,0,0,0,0,0,0,26,0,0,1,1
135,0,1,0,1,0,25,0,0,0,0,1,0,0,0,0,0,0,0,0,0,0,13,0,0,1,0
136,0,1,0,1,0,23,0,0,0,0,0,0,0,0,0,0,1,0,0,0,0,15.0458,1,0,0,0
137,1,0,0,0,1,19,0,2,0,0,0,0,1,0,0,0,0,0,0,0,0,26.2833,0,0,1,1
138,1,0,0,1,0,37,1,0,0,0,0,0,1,0,0,0,0,0,0,0,0,53.1,0,0,1,0
139,0,0,1,1,0,16,0,0,0,0,0,0,1,0,0,0,0,0,0,0,0,9.2167,0,0,1,0
140,1,0,0,1,0,24,0,0,0,0,0,0,0,0,1,0,0,0,0,0,0,79.2,1,0,0,0
141,0,0,1,0,1,,0,2,0,0,0,0,1,0,0,0,0,0,0,0,0,15.2458,1,0,0,0
142,0,0,1,0,1,22,0,0,0,0,0,0,1,0,0,0,0,0,0,0,0,7.75,0,0,1,1
143,0,0,1,0,1,24,1,0,0,0,0,0,0,0,0,0,0,0,0,1,0,15.85,0,0,1,1
144,0,0,1,1,0,19,0,0,0,0,0,0,1,0,0,0,0,0,0,0,0,6.75,0,1,0,0
145,0,1,0,1,0,18,0,0,0,0,0,0,1,0,0,0,0,0,0,0,0,11.5,0,0,1,0
146,0,1,0,1,0,19,1,1,0,0,1,0,0,0,0,0,0,0,0,0,0,36.75,0,0,1,0
147,0,0,1,1,0,27,0,0,0,0,0,0,1,0,0,0,0,0,0,0,0,7.7958,0,0,1,1
148,0,0,1,0,1,9,2,2,0,0,0,0,0,0,0,0,0,0,0,0,1,34.375,0,0,1,0
149,0,1,0,1,0,36.5,0,2,0,0,0,0,1,0,0,0,0,0,0,0,0,26,0,0,1,0
150,0,1,0,1,0,42,0,0,0,0,0,0,1,0,0,0,0,0,0,0,0,13,0,0,1,0
151,0,1,0,1,0,51,0,0,0,0,0,0,0,0,0,0,0,1,0,0,0,12.525,0,0,1,0
152,1,0,0,0,1,22,1,0,0,0,0,0,1,0,0,0,0,0,0,0,0,66.6,0,0,1,1
153,0,0,1,1,0,55.5,0,0,1,0,0,0,0,0,0,0,0,0,0,0,0,8.05,0,0,1,0
154,0,0,1,1,0,40.5,0,2,1,0,0,0,0,0,0,0,0,0,0,0,0,14.5,0,0,1,0
155,0,0,1,1,0,,0,0,0,0,0,0,0,1,0,0,0,0,0,0,0,7.3125,0,0,1,0
156,1,0,0,1,0,51,0,1,0,0,0,0,0,0,1,0,0,0,0,0,0,61.3792,1,0,0,0
157,0,0,1,0,1,16,0,0,0,0,0,0,1,0,0,0,0,0,0,0,0,7.7333,0,1,0,1
158,0,0,1,1,0,30,0,0,0,0,0,0,0,0,0,0,0,0,1,0,0,8.05,0,0,1,0
159,0,0,1,1,0,,0,0,0,0,0,0,1,0,0,0,0,0,0,0,0,8.6625,0,0,1,0
160,0,0,1,1,0,,8,2,0,0,1,0,0,0,0,0,0,0,0,0,0,69.55,0,0,1,0
161,0,0,1,1,0,44,0,1,0,0,0,0,1,0,0,0,0,0,0,0,0,16.1,0,0,1,0
162,0,1,0,0,1,40,0,0,0,0,1,0,0,0,0,0,0,0,0,0,0,15.75,0,0,1,1
163,0,0,1,1,0,26,0,0,0,0,0,0,1,0,0,0,0,0,0,0,0,7.775,0,0,1,0
164,0,0,1,1,0,17,0,0,0,0,0,0,1,0,0,0,0,0,0,0,0,8.6625,0,0,1,0
165,0,0,1,1,0,1,4,1,0,0,0,0,1,0,0,0,0,0,0,0,0,39.6875,0,0,1,0
166,0,0,1,1,0,9,0,2,0,0,0,0,1,0,0,0,0,0,0,0,0,20.525,0,0,1,1
167,1,0,0,0,1,,0,1,0,0,0,0,1,0,0,0,0,0,0,0,0,55,0,0,1,1
168,0,0,1,0,1,45,1,4,0,0,0,0,1,0,0,0,0,0,0,0,0,27.9,0,0,1,0
169,1,0,0,1,0,,0,0,0,0,0,0,0,0,1,0,0,0,0,0,0,25.925,0,0,1,0
170,0,0,1,1,0,28,0,0,0,0,0,0,1,0,0,0,0,0,0,0,0,56.4958,0,0,1,0
171,1,0,0,1,0,61,0,0,0,0,0,0,1,0,0,0,0,0,0,0,0,33.5,0,0,1,0
172,0,0,1,1,0,4,4,1,0,0,0,0,1,0,0,0,0,0,0,0,0,29.125,0,1,0,0
173,0,0,1,0,1,1,1,1,0,0,0,0,1,0,0,0,0,0,0,0,0,11.1333,0,0,1,1
174,0,0,1,1,0,21,0,0,0,0,0,0,0,0,0,0,0,0,0,1,0,7.925,0,0,1,0
175,1,0,0,1,0,56,0,0,0,0,0,0,1,0,0,0,0,0,0,0,0,30.6958,1,0,0,0
176,0,0,1,1,0,18,1,1,0,0,0,0,1,0,0,0,0,0,0,0,0,7.8542,0,0,1,0
177,0,0,1,1,0,,3,1,0,0,0,0,1,0,0,0,0,0,0,0,0,25.4667,0,0,1,0
178,1,0,0,0,1,50,0,0,0,0,0,0,0,0,1,0,0,0,0,0,0,28.7125,1,0,0,0
179,0,1,0,1,0,30,0,0,0,0,0,0,1,0,0,0,0,0,0,0,0,13,0,0,1,0
180,0,0,1,1,0,36,0,0,0,0,0,0,0,1,0,0,0,0,0,0,0,0,0,0,1,0
181,0,0,1,0,1,,8,2,0,0,1,0,0,0,0,0,0,0,0,0,0,69.55,0,0,1,0
182,0,1,0,1,0,,0,0,0,0,0,0,0,0,0,0,1,0,0,0,0,15.05,1,0,0,0
183,0,0,1,1,0,9,4,2,0,0,0,0,1,0,0,0,0,0,0,0,0,31.3875,0,0,1,0
184,0,1,0,1,0,1,2,1,0,0,0,0,1,0,0,0,0,0,0,0,0,39,0,0,1,1
185,0,0,1,0,1,4,0,2,0,0,0,0,1,0,0,0,0,0,0,0,0,22.025,0,0,1,1
186,1,0,0,1,0,,0,0,0,0,0,0,1,0,0,0,0,0,0,0,0,50,0,0,1,0
187,0,0,1,0,1,,1,0,0,0,0,0,1,0,0,0,0,0,0,0,0,15.5,0,1,0,1
188,1,0,0,1,0,45,0,0,0,0,0,0,1,0,0,0,0,0,0,0,0,26.55,0,0,1,1
189,0,0,1,1,0,40,1,1,0,0,0,0,1,0,0,0,0,0,0,0,0,15.5,0,1,0,0
190,0,0,1,1,0,36,0,0,0,0,0,0,1,0,0,0,0,0,0,0,0,7.8958,0,0,1,0
191,0,1,0,0,1,32,0,0,0,0,0,0,1,0,0,0,0,0,0,0,0,13,0,0,1,1
192,0,1,0,1,0,19,0,0,0,0,0,0,1,0,0,0,0,0,0,0,0,13,0,0,1,0
193,0,0,1,0,1,19,1,0,0,0,0,0,1,0,0,0,0,0,0,0,0,7.8542,0,0,1,1
194,0,1,0,1,0,3,1,1,0,0,0,0,1,0,0,0,0,0,0,0,0,26,0,0,1,1
195,1,0,0,0,1,44,0,0,0,0,0,0,0,0,1,0,0,0,0,0,0,27.7208,1,0,0,1
196,1,0,0,0,1,58,0,0,0,0,0,0,0,0,1,0,0,0,0,0,0,146.5208,1,0,0,1
197,0,0,1,1,0,,0,0,0,0,0,0,1,0,0,0,0,0,0,0,0,7.75,0,1,0,0
198,0,0,1,1,0,42,0,1,0,0,0,0,1,0,0,0,0,0,0,0,0,8.4042,0,0,1,0
199,0,0,1,0,1,,0,0,0,0,0,0,1,0,0,0,0,0,0,0,0,7.75,0,1,0,1
200,0,1,0,0,1,24,0,0,0,0,0,0,1,0,0,0,0,0,0,0,0,13,0,0,1,0
201,0,0,1,1,0,28,0,0,0,0,0,0,1,0,0,0,0,0,0,0,0,9.5,0,0,1,0
202,0,0,1,1,0,,8,2,0,0,1,0,0,0,0,0,0,0,0,0,0,69.55,0,0,1,0
203,0,0,1,1,0,34,0,0,0,0,0,0,1,0,0,0,0,0,0,0,0,6.4958,0,0,1,0
204,0,0,1,1,0,45.5,0,0,0,0,0,0,1,0,0,0,0,0,0,0,0,7.225,1,0,0,0
205,0,0,1,1,0,18,0,0,1,0,0,0,0,0,0,0,0,0,0,0,0,8.05,0,0,1,1
206,0,0,1,0,1,2,0,1,0,0,0,0,1,0,0,0,0,0,0,0,0,10.4625,0,0,1,0
207,0,0,1,1,0,32,1,0,0,0,0,0,1,0,0,0,0,0,0,0,0,15.85,0,0,1,0
208,0,0,1,1,0,26,0,0,0,0,0,0,1,0,0,0,0,0,0,0,0,18.7875,1,0,0,1
209,0,0,1,0,1,16,0,0,0,0,0,0,1,0,0,0,0,0,0,0,0,7.75,0,1,0,1
210,1,0,0,1,0,40,0,0,0,0,0,0,1,0,0,0,0,0,0,0,0,31,1,0,0,1
211,0,0,1,1,0,24,0,0,0,0,0,0,0,0,0,0,0,0,1,0,0,7.05,0,0,1,0
212,0,1,0,0,1,35,0,0,0,0,0,1,0,0,0,0,0,0,0,0,0,21,0,0,1,1
213,0,0,1,1,0,22,0,0,1,0,0,0,0,0,0,0,0,0,0,0,0,7.25,0,0,1,0
214,0,1,0,1,0,30,0,0,0,0,0,0,1,0,0,0,0,0,0,0,0,13,0,0,1,0
215,0,0,1,1,0,,1,0,0,0,0,0,1,0,0,0,0,0,0,0,0,7.75,0,1,0,0
216,1,0,0,0,1,31,1,0,0,0,0,0,1,0,0,0,0,0,0,0,0,113.275,1,0,0,1
217,0,0,1,0,1,27,0,0,0,0,0,0,0,0,0,0,0,0,0,1,0,7.925,0,0,1,1
218,0,1,0,1,0,42,1,0,0,0,0,0,1,0,0,0,0,0,0,0,0,27,0,0,1,0
219,1,0,0,0,1,32,0,0,0,0,0,0,1,0,0,0,0,0,0,0,0,76.2917,1,0,0,1
220,0,1,0,1,0,30,0,0,0,0,0,0,0,0,0,0,0,0,0,0,1,10.5,0,0,1,0
221,0,0,1,1,0,16,0,0,0,0,0,0,0,0,0,0,0,0,1,0,0,8.05,0,0,1,1
222,0,1,0,1,0,27,0,0,0,0,0,0,1,0,0,0,0,0,0,0,0,13,0,0,1,0
223,0,0,1,1,0,51,0,0,0,0,0,0,1,0,0,0,0,0,0,0,0,8.05,0,0,1,0
224,0,0,1,1,0,,0,0,0,0,0,0,1,0,0,0,0,0,0,0,0,7.8958,0,0,1,0
225,1,0,0,1,0,38,1,0,0,0,0,0,1,0,0,0,0,0,0,0,0,90,0,0,1,1
226,0,0,1,1,0,22,0,0,0,0,0,0,0,0,0,1,0,0,0,0,0,9.35,0,0,1,0
227,0,1,0,1,0,19,0,0,0,0,0,0,0,1,0,0,0,0,0,0,0,10.5,0,0,1,1
228,0,0,1,1,0,20.5,0,0,1,0,0,0,0,0,0,0,0,0,0,0,0,7.25,0,0,1,0
229,0,1,0,1,0,18,0,0,0,0,0,0,1,0,0,0,0,0,0,0,0,13,0,0,1,0
230,0,0,1,0,1,,3,1,0,0,0,0,1,0,0,0,0,0,0,0,0,25.4667,0,0,1,0
231,1,0,0,0,1,35,1,0,0,0,0,0,1,0,0,0,0,0,0,0,0,83.475,0,0,1,1
232,0,0,1,1,0,29,0,0,0,0,0,0,1,0,0,0,0,0,0,0,0,7.775,0,0,1,0
233,0,1,0,1,0,59,0,0,0,0,0,0,1,0,0,0,0,0,0,0,0,13.5,0,0,1,0
234,0,0,1,0,1,5,4,2,0,0,0,0,1,0,0,0,0,0,0,0,0,31.3875,0,0,1,1
235,0,1,0,1,0,24,0,0,0,0,1,0,0,0,0,0,0,0,0,0,0,10.5,0,0,1,0
236,0,0,1,0,1,,0,0,0,0,0,0,0,0,0,0,0,0,0,0,1,7.55,0,0,1,0
237,0,1,0,1,0,44,1,0,0,0,0,0,1,0,0,0,0,0,0,0,0,26,0,0,1,0
238,0,1,0,0,1,8,0,2,0,0,1,0,0,0,0,0,0,0,0,0,0,26.25,0,0,1,1
239,0,1,0,1,0,19,0,0,0,0,0,0,1,0,0,0,0,0,0,0,0,10.5,0,0,1,0
240,0,1,0,1,0,33,0,0,0,0,0,0,0,0,0,0,1,0,0,0,0,12.275,0,0,1,0
241,0,0,1,0,1,,1,0,0,0,0,0,1,0,0,0,0,0,0,0,0,14.4542,1,0,0,0
242,0,0,1,0,1,,1,0,0,0,0,0,1,0,0,0,0,0,0,0,0,15.5,0,1,0,1
243,0,1,0,1,0,29,0,0,0,0,0,0,0,0,0,0,0,0,0,0,1,10.5,0,0,1,0
244,0,0,1,1,0,22,0,0,0,0,0,0,0,0,0,0,0,0,0,1,0,7.125,0,0,1,0
245,0,0,1,1,0,30,0,0,0,0,0,0,1,0,0,0,0,0,0,0,0,7.225,1,0,0,0
246,1,0,0,1,0,44,2,0,0,0,0,0,1,0,0,0,0,0,0,0,0,90,0,1,0,0
247,0,0,1,0,1,25,0,0,0,0,0,0,1,0,0,0,0,0,0,0,0,7.775,0,0,1,0
248,0,1,0,0,1,24,0,2,0,0,0,0,1,0,0,0,0,0,0,0,0,14.5,0,0,1,1
249,1,0,0,1,0,37,1,1,0,0,0,0,1,0,0,0,0,0,0,0,0,52.5542,0,0,1,1
250,0,1,0,1,0,54,1,0,0,0,0,0,1,0,0,0,0,0,0,0,0,26,0,0,1,0
251,0,0,1,1,0,,0,0,0,0,0,0,1,0,0,0,0,0,0,0,0,7.25,0,0,1,0
252,0,0,1,0,1,29,1,1,0,0,0,0,1,0,0,0,0,0,0,0,0,10.4625,0,0,1,0
253,1,0,0,1,0,62,0,0,0,0,0,0,1,0,0,0,0,0,0,0,0,26.55,0,0,1,0
254,0,0,1,1,0,30,1,0,1,0,0,0,0,0,0,0,0,0,0,0,0,16.1,0,0,1,0
255,0,0,1,0,1,41,0,2,0,0,0,0,1,0,0,0,0,0,0,0,0,20.2125,0,0,1,0
256,0,0,1,0,1,29,0,2,0,0,0,0,1,0,0,0,0,0,0,0,0,15.2458,1,0,0,1
257,1,0,0,0,1,,0,0,0,0,0,0,0,0,1,0,0,0,0,0,0,79.2,1,0,0,1
258,1,0,0,0,1,30,0,0,0,0,0,0,1,0,0,0,0,0,0,0,0,86.5,0,0,1,1
259,1,0,0,0,1,35,0,0,0,0,0,0,0,0,1,0,0,0,0,0,0,512.3292,1,0,0,1
260,0,1,0,0,1,50,0,1,0,0,0,0,1,0,0,0,0,0,0,0,0,26,0,0,1,1
261,0,0,1,1,0,,0,0,0,0,0,0,1,0,0,0,0,0,0,0,0,7.75,0,1,0,0
262,0,0,1,1,0,3,4,2,0,0,0,0,1,0,0,0,0,0,0,0,0,31.3875,0,0,1,1
263,1,0,0,1,0,52,1,1,0,0,0,0,1,0,0,0,0,0,0,0,0,79.65,0,0,1,0
264,1,0,0,1,0,40,0,0,0,0,0,0,1,0,0,0,0,0,0,0,0,0,0,0,1,0
265,0,0,1,0,1,,0,0,0,0,0,0,1,0,0,0,0,0,0,0,0,7.75,0,1,0,0
266,0,1,0,1,0,36,0,0,0,0,1,0,0,0,0,0,0,0,0,0,0,10.5,0,0,1,0
267,0,0,1,1,0,16,4,1,0,0,0,0,1,0,0,0,0,0,0,0,0,39.6875,0,0,1,0
268,0,0,1,1,0,25,1,0,0,0,0,0,1,0,0,0,0,0,0,0,0,7.775,0,0,1,1
269,1,0,0,0,1,58,0,1,0,0,0,0,0,0,1,0,0,0,0,0,0,153.4625,0,0,1,1
270,1,0,0,0,1,35,0,0,0,0,0,0,0,0,1,0,0,0,0,0,0,135.6333,0,0,1,1
271,1,0,0,1,0,,0,0,0,0,0,0,1,0,0,0,0,0,0,0,0,31,0,0,1,0
272,0,0,1,1,0,25,0,0,0,0,0,0,0,1,0,0,0,0,0,0,0,0,0,0,1,1
273,0,1,0,0,1,41,0,1,0,0,0,0,1,0,0,0,0,0,0,0,0,19.5,0,0,1,1
274,1,0,0,1,0,37,0,1,0,0,0,0,0,0,1,0,0,0,0,0,0,29.7,1,0,0,0
275,0,0,1,0,1,,0,0,0,0,0,0,1,0,0,0,0,0,0,0,0,7.75,0,1,0,1
276,1,0,0,0,1,63,1,0,0,0,0,0,1,0,0,0,0,0,0,0,0,77.9583,0,0,1,1
277,0,0,1,0,1,45,0,0,0,0,0,0,1,0,0,0,0,0,0,0,0,7.75,0,0,1,0
278,0,1,0,1,0,,0,0,0,0,0,0,1,0,0,0,0,0,0,0,0,0,0,0,1,0
279,0,0,1,1,0,7,4,1,0,0,0,0,1,0,0,0,0,0,0,0,0,29.125,0,1,0,0
280,0,0,1,0,1,35,1,1,0,0,1,0,0,0,0,0,0,0,0,0,0,20.25,0,0,1,1
281,0,0,1,1,0,65,0,0,0,0,0,0,1,0,0,0,0,0,0,0,0,7.75,0,1,0,0
282,0,0,1,1,0,28,0,0,0,0,0,0,1,0,0,0,0,0,0,0,0,7.8542,0,0,1,0
283,0,0,1,1,0,16,0,0,0,0,0,0,1,0,0,0,0,0,0,0,0,9.5,0,0,1,0
284,0,0,1,1,0,19,0,0,1,0,0,0,0,0,0,0,0,0,0,0,0,8.05,0,0,1,1
285,1,0,0,1,0,,0,0,0,0,0,0,1,0,0,0,0,0,0,0,0,26,0,0,1,0
286,0,0,1,1,0,33,0,0,0,0,0,0,1,0,0,0,0,0,0,0,0,8.6625,1,0,0,0
287,0,0,1,1,0,30,0,0,0,0,0,0,1,0,0,0,0,0,0,0,0,9.5,0,0,1,1
288,0,0,1,1,0,22,0,0,0,0,0,0,1,0,0,0,0,0,0,0,0,7.8958,0,0,1,0
289,0,1,0,1,0,42,0,0,0,0,0,0,1,0,0,0,0,0,0,0,0,13,0,0,1,1
290,0,0,1,0,1,22,0,0,0,0,0,0,1,0,0,0,0,0,0,0,0,7.75,0,1,0,1
291,1,0,0,0,1,26,0,0,0,0,0,0,1,0,0,0,0,0,0,0,0,78.85,0,0,1,1
292,1,0,0,0,1,19,1,0,0,0,0,0,1,0,0,0,0,0,0,0,0,91.0792,1,0,0,1
293,0,1,0,1,0,36,0,0,0,0,0,0,0,0,0,0,1,0,0,0,0,12.875,1,0,0,0
294,0,0,1,0,1,24,0,0,0,0,0,0,1,0,0,0,0,0,0,0,0,8.85,0,0,1,0
295,0,0,1,1,0,24,0,0,0,0,0,0,1,0,0,0,0,0,0,0,0,7.8958,0,0,1,0
296,1,0,0,1,0,,0,0,0,0,0,0,0,0,1,0,0,0,0,0,0,27.7208,1,0,0,0
297,0,0,1,1,0,23.5,0,0,0,0,0,0,1,0,0,0,0,0,0,0,0,7.2292,1,0,0,0
298,1,0,0,0,1,2,1,2,0,0,0,0,1,0,0,0,0,0,0,0,0,151.55,0,0,1,0
299,1,0,0,1,0,,0,0,0,0,0,0,1,0,0,0,0,0,0,0,0,30.5,0,0,1,1
300,1,0,0,0,1,50,0,1,0,0,0,0,0,0,1,0,0,0,0,0,0,247.5208,1,0,0,1
301,0,0,1,0,1,,0,0,0,0,0,0,1,0,0,0,0,0,0,0,0,7.75,0,1,0,1
302,0,0,1,1,0,,2,0,0,0,0,0,1,0,0,0,0,0,0,0,0,23.25,0,1,0,1
303,0,0,1,1,0,19,0,0,0,0,0,0,0,1,0,0,0,0,0,0,0,0,0,0,1,0
304,0,1,0,0,1,,0,0,0,0,0,0,1,0,0,0,0,0,0,0,0,12.35,0,1,0,1
305,0,0,1,1,0,,0,0,1,0,0,0,0,0,0,0,0,0,0,0,0,8.05,0,0,1,0
306,1,0,0,1,0,0.92,1,2,0,0,0,0,1,0,0,0,0,0,0,0,0,151.55,0,0,1,1
307,1,0,0,0,1,,0,0,0,0,0,0,1,0,0,0,0,0,0,0,0,110.8833,1,0,0,1
308,1,0,0,0,1,17,1,0,0,0,0,0,0,0,1,0,0,0,0,0,0,108.9,1,0,0,1
309,0,1,0,1,0,30,1,0,0,0,0,0,0,0,0,1,0,0,0,0,0,24,1,0,0,0
310,1,0,0,0,1,30,0,0,0,0,0,0,0,0,1,0,0,0,0,0,0,56.9292,1,0,0,1
311,1,0,0,0,1,24,0,0,0,0,0,0,1,0,0,0,0,0,0,0,0,83.1583,1,0,0,1
312,1,0,0,0,1,18,2,2,0,0,0,0,0,0,1,0,0,0,0,0,0,262.375,1,0,0,1
313,0,1,0,0,1,26,1,1,0,0,0,0,1,0,0,0,0,0,0,0,0,26,0,0,1,0
314,0,0,1,1,0,28,0,0,0,0,0,0,1,0,0,0,0,0,0,0,0,7.8958,0,0,1,0
315,0,1,0,1,0,43,1,1,0,0,0,1,0,0,0,0,0,0,0,0,0,26.25,0,0,1,0
316,0,0,1,0,1,26,0,0,0,0,0,0,1,0,0,0,0,0,0,0,0,7.8542,0,0,1,1
317,0,1,0,0,1,24,1,0,0,0,0,0,1,0,0,0,0,0,0,0,0,26,0,0,1,1
318,0,1,0,1,0,54,0,0,0,0,0,0,1,0,0,0,0,0,0,0,0,14,0,0,1,0
319,1,0,0,0,1,31,0,2,0,0,0,0,1,0,0,0,0,0,0,0,0,164.8667,0,0,1,1
320,1,0,0,0,1,40,1,1,0,0,0,0,1,0,0,0,0,0,0,0,0,134.5,1,0,0,1
321,0,0,1,1,0,22,0,0,1,0,0,0,0,0,0,0,0,0,0,0,0,7.25,0,0,1,0
322,0,0,1,1,0,27,0,0,0,0,0,0,1,0,0,0,0,0,0,0,0,7.8958,0,0,1,0
323,0,1,0,0,1,30,0,0,0,0,0,0,1,0,0,0,0,0,0,0,0,12.35,0,1,0,1
324,0,1,0,0,1,22,1,1,0,0,0,0,1,0,0,0,0,0,0,0,0,29,0,0,1,1
325,0,0,1,1,0,,8,2,0,0,1,0,0,0,0,0,0,0,0,0,0,69.55,0,0,1,0
326,1,0,0,0,1,36,0,0,0,0,0,0,0,0,1,0,0,0,0,0,0,135.6333,1,0,0,1
327,0,0,1,1,0,61,0,0,0,0,0,0,1,0,0,0,0,0,0,0,0,6.2375,0,0,1,0
328,0,1,0,0,1,36,0,0,0,0,0,0,1,0,0,0,0,0,0,0,0,13,0,0,1,1
329,0,0,1,0,1,31,1,1,0,0,0,0,1,0,0,0,0,0,0,0,0,20.525,0,0,1,1
330,1,0,0,0,1,16,0,1,0,0,0,0,1,0,0,0,0,0,0,0,0,57.9792,1,0,0,1
331,0,0,1,0,1,,2,0,0,0,0,0,1,0,0,0,0,0,0,0,0,23.25,0,1,0,1
332,1,0,0,1,0,45.5,0,0,0,0,0,0,1,0,0,0,0,0,0,0,0,28.5,0,0,1,0
333,1,0,0,1,0,38,0,1,0,0,0,0,0,0,1,0,0,0,0,0,0,153.4625,0,0,1,0
334,0,0,1,1,0,16,2,0,0,0,0,0,1,0,0,0,0,0,0,0,0,18,0,0,1,0
335,1,0,0,0,1,,1,0,0,0,0,0,0,0,1,0,0,0,0,0,0,133.65,0,0,1,1
336,0,0,1,1,0,,0,0,0,0,0,0,1,0,0,0,0,0,0,0,0,7.8958,0,0,1,0
337,1,0,0,1,0,29,1,0,0,0,0,0,1,0,0,0,0,0,0,0,0,66.6,0,0,1,0
338,1,0,0,0,1,41,0,0,0,0,0,0,1,0,0,0,0,0,0,0,0,134.5,1,0,0,1
339,0,0,1,1,0,45,0,0,0,0,0,0,1,0,0,0,0,0,0,0,0,8.05,0,0,1,1
340,1,0,0,1,0,45,0,0,0,0,0,0,1,0,0,0,0,0,0,0,0,35.5,0,0,1,0
341,0,1,0,1,0,2,1,1,0,0,0,0,1,0,0,0,0,0,0,0,0,26,0,0,1,1
342,1,0,0,0,1,24,3,2,0,0,0,0,1,0,0,0,0,0,0,0,0,263,0,0,1,1
343,0,1,0,1,0,28,0,0,0,0,0,0,1,0,0,0,0,0,0,0,0,13,0,0,1,0
344,0,1,0,1,0,25,0,0,0,0,0,0,1,0,0,0,0,0,0,0,0,13,0,0,1,0
345,0,1,0,1,0,36,0,0,0,0,0,0,1,0,0,0,0,0,0,0,0,13,0,0,1,0
346,0,1,0,0,1,24,0,0,0,0,0,0,1,0,0,0,0,0,0,0,0,13,0,0,1,1
347,0,1,0,0,1,40,0,0,0,0,0,0,1,0,0,0,0,0,0,0,0,13,0,0,1,1
348,0,0,1,0,1,,1,0,0,0,0,0,1,0,0,0,0,0,0,0,0,16.1,0,0,1,1
349,0,0,1,1,0,3,1,1,0,0,1,0,0,0,0,0,0,0,0,0,0,15.9,0,0,1,1
350,0,0,1,1,0,42,0,0,0,0,0,0,1,0,0,0,0,0,0,0,0,8.6625,0,0,1,0
351,0,0,1,1,0,23,0,0,0,0,0,0,1,0,0,0,0,0,0,0,0,9.225,0,0,1,0
352,1,0,0,1,0,,0,0,0,0,0,0,1,0,0,0,0,0,0,0,0,35,0,0,1,0
353,0,0,1,1,0,15,1,1,0,0,0,0,1,0,0,0,0,0,0,0,0,7.2292,1,0,0,0
354,0,0,1,1,0,25,1,0,0,0,0,0,1,0,0,0,0,0,0,0,0,17.8,0,0,1,0
355,0,0,1,1,0,,0,0,0,0,0,0,1,0,0,0,0,0,0,0,0,7.225,1,0,0,0
356,0,0,1,1,0,28,0,0,0,0,0,0,1,0,0,0,0,0,0,0,0,9.5,0,0,1,0
357,1,0,0,0,1,22,0,1,0,0,0,0,1,0,0,0,0,0,0,0,0,55,0,0,1,1
358,0,1,0,0,1,38,0,0,0,0,0,0,1,0,0,0,0,0,0,0,0,13,0,0,1,0
359,0,0,1,0,1,,0,0,0,0,0,0,1,0,0,0,0,0,0,0,0,7.8792,0,1,0,1
360,0,0,1,0,1,,0,0,0,0,0,0,1,0,0,0,0,0,0,0,0,7.8792,0,1,0,1
361,0,0,1,1,0,40,1,4,0,0,0,0,1,0,0,0,0,0,0,0,0,27.9,0,0,1,0
362,0,1,0,1,0,29,1,0,0,0,0,0,0,0,0,0,1,0,0,0,0,27.7208,1,0,0,0
363,0,0,1,0,1,45,0,1,0,0,0,0,1,0,0,0,0,0,0,0,0,14.4542,1,0,0,0
364,0,0,1,1,0,35,0,0,0,0,0,0,0,0,0,0,0,0,1,0,0,7.05,0,0,1,0
365,0,0,1,1,0,,1,0,0,0,0,0,1,0,0,0,0,0,0,0,0,15.5,0,1,0,0
366,0,0,1,1,0,30,0,0,0,1,0,0,0,0,0,0,0,0,0,0,0,7.25,0,0,1,0
367,1,0,0,0,1,60,1,0,0,0,0,0,1,0,0,0,0,0,0,0,0,75.25,1,0,0,1
368,0,0,1,0,1,,0,0,0,0,0,0,1,0,0,0,0,0,0,0,0,7.2292,1,0,0,1
369,0,0,1,0,1,,0,0,0,0,0,0,1,0,0,0,0,0,0,0,0,7.75,0,1,0,1
370,1,0,0,0,1,24,0,0,0,0,0,0,0,0,1,0,0,0,0,0,0,69.3,1,0,0,1
371,1,0,0,1,0,25,1,0,0,0,0,0,1,0,0,0,0,0,0,0,0,55.4417,1,0,0,1
372,0,0,1,1,0,18,1,0,0,0,0,0,1,0,0,0,0,0,0,0,0,6.4958,0,0,1,0
373,0,0,1,1,0,19,0,0,0,0,0,0,1,0,0,0,0,0,0,0,0,8.05,0,0,1,0
374,1,0,0,1,0,22,0,0,0,0,0,0,0,0,1,0,0,0,0,0,0,135.6333,1,0,0,0
375,0,0,1,0,1,3,3,1,0,0,0,0,1,0,0,0,0,0,0,0,0,21.075,0,0,1,0
376,1,0,0,0,1,,1,0,0,0,0,0,0,0,1,0,0,0,0,0,0,82.1708,1,0,0,1
377,0,0,1,0,1,22,0,0,0,1,0,0,0,0,0,0,0,0,0,0,0,7.25,0,0,1,1
378,1,0,0,1,0,27,0,2,0,0,0,0,1,0,0,0,0,0,0,0,0,211.5,1,0,0,0
379,0,0,1,1,0,20,0,0,0,0,0,0,1,0,0,0,0,0,0,0,0,4.0125,1,0,0,0
380,0,0,1,1,0,19,0,0,0,0,0,0,1,0,0,0,0,0,0,0,0,7.775,0,0,1,0
381,1,0,0,0,1,42,0,0,0,0,0,0,0,0,1,0,0,0,0,0,0,227.525,1,0,0,1
382,0,0,1,0,1,1,0,2,0,0,0,0,1,0,0,0,0,0,0,0,0,15.7417,1,0,0,1
383,0,0,1,1,0,32,0,0,0,0,0,0,0,0,0,0,0,0,0,1,0,7.925,0,0,1,0
384,1,0,0,0,1,35,1,0,0,0,0,0,1,0,0,0,0,0,0,0,0,52,0,0,1,1
385,0,0,1,1,0,,0,0,0,0,0,0,1,0,0,0,0,0,0,0,0,7.8958,0,0,1,0
386,0,1,0,1,0,18,0,0,0,0,0,0,0,0,0,0,0,1,0,0,0,73.5,0,0,1,0
387,0,0,1,1,0,1,5,2,0,0,1,0,0,0,0,0,0,0,0,0,0,46.9,0,0,1,0
388,0,1,0,0,1,36,0,0,0,0,0,0,1,0,0,0,0,0,0,0,0,13,0,0,1,1
389,0,0,1,1,0,,0,0,0,0,0,0,1,0,0,0,0,0,0,0,0,7.7292,0,1,0,0
390,0,1,0,0,1,17,0,0,0,0,0,0,0,0,0,0,1,0,0,0,0,12,1,0,0,1
391,1,0,0,1,0,36,1,2,0,0,0,0,1,0,0,0,0,0,0,0,0,120,0,0,1,1
392,0,0,1,1,0,21,0,0,0,0,0,0,1,0,0,0,0,0,0,0,0,7.7958,0,0,1,1
393,0,0,1,1,0,28,2,0,0,0,0,0,1,0,0,0,0,0,0,0,0,7.925,0,0,1,0
394,1,0,0,0,1,23,1,0,0,0,0,0,1,0,0,0,0,0,0,0,0,113.275,1,0,0,1
395,0,0,1,0,1,24,0,2,0,0,0,0,0,0,0,1,0,0,0,0,0,16.7,0,0,1,1
396,0,0,1,1,0,22,0,0,0,0,0,0,1,0,0,0,0,0,0,0,0,7.7958,0,0,1,0
397,0,0,1,0,1,31,0,0,0,0,0,0,1,0,0,0,0,0,0,0,0,7.8542,0,0,1,0
398,0,1,0,1,0,46,0,0,0,0,0,0,1,0,0,0,0,0,0,0,0,26,0,0,1,0
399,0,1,0,1,0,23,0,0,0,0,0,0,1,0,0,0,0,0,0,0,0,10.5,0,0,1,0
400,0,1,0,0,1,28,0,0,0,0,0,0,1,0,0,0,0,0,0,0,0,12.65,0,0,1,1
401,0,0,1,1,0,39,0,0,0,0,0,0,0,0,0,0,0,0,0,1,0,7.925,0,0,1,1
402,0,0,1,1,0,26,0,0,0,0,0,0,1,0,0,0,0,0,0,0,0,8.05,0,0,1,0
403,0,0,1,0,1,21,1,0,0,0,0,0,1,0,0,0,0,0,0,0,0,9.825,0,0,1,0
404,0,0,1,1,0,28,1,0,0,0,0,0,0,0,0,0,0,0,0,1,0,15.85,0,0,1,0
405,0,0,1,0,1,20,0,0,0,0,0,0,1,0,0,0,0,0,0,0,0,8.6625,0,0,1,0
406,0,1,0,1,0,34,1,0,0,0,0,0,1,0,0,0,0,0,0,0,0,21,0,0,1,0
407,0,0,1,1,0,51,0,0,0,0,0,0,1,0,0,0,0,0,0,0,0,7.75,0,0,1,0
408,0,1,0,1,0,3,1,1,0,0,0,0,1,0,0,0,0,0,0,0,0,18.75,0,0,1,1
409,0,0,1,1,0,21,0,0,0,0,0,0,1,0,0,0,0,0,0,0,0,7.775,0,0,1,0
410,0,0,1,0,1,,3,1,0,0,0,0,1,0,0,0,0,0,0,0,0,25.4667,0,0,1,0
411,0,0,1,1,0,,0,0,0,0,0,0,1,0,0,0,0,0,0,0,0,7.8958,0,0,1,0
412,0,0,1,1,0,,0,0,0,0,0,0,1,0,0,0,0,0,0,0,0,6.8583,0,1,0,0
413,1,0,0,0,1,33,1,0,0,0,0,0,1,0,0,0,0,0,0,0,0,90,0,1,0,1
414,0,1,0,1,0,,0,0,0,0,0,0,1,0,0,0,0,0,0,0,0,0,0,0,1,0
415,0,0,1,1,0,44,0,0,0,0,0,0,0,0,0,0,0,0,0,1,0,7.925,0,0,1,1
416,0,0,1,0,1,,0,0,0,0,0,0,1,0,0,0,0,0,0,0,0,8.05,0,0,1,0
417,0,1,0,0,1,34,1,1,0,0,0,0,1,0,0,0,0,0,0,0,0,32.5,0,0,1,1
418,0,1,0,0,1,18,0,2,0,0,0,0,1,0,0,0,0,0,0,0,0,13,0,0,1,1
419,0,1,0,1,0,30,0,0,0,0,0,0,1,0,0,0,0,0,0,0,0,13,0,0,1,0
420,0,0,1,0,1,10,0,2,0,0,0,0,1,0,0,0,0,0,0,0,0,24.15,0,0,1,0
421,0,0,1,1,0,,0,0,0,0,0,0,1,0,0,0,0,0,0,0,0,7.8958,1,0,0,0
422,0,0,1,1,0,21,0,0,1,0,0,0,0,0,0,0,0,0,0,0,0,7.7333,0,1,0,0
423,0,0,1,1,0,29,0,0,0,0,0,0,1,0,0,0,0,0,0,0,0,7.875,0,0,1,0
424,0,0,1,0,1,28,1,1,0,0,0,0,1,0,0,0,0,0,0,0,0,14.4,0,0,1,0
425,0,0,1,1,0,18,1,1,0,0,0,0,1,0,0,0,0,0,0,0,0,20.2125,0,0,1,0
426,0,0,1,1,0,,0,0,1,0,0,0,0,0,0,0,0,0,0,0,0,7.25,0,0,1,0
427,0,1,0,0,1,28,1,0,0,0,0,0,1,0,0,0,0,0,0,0,0,26,0,0,1,1
428,0,1,0,0,1,19,0,0,0,0,0,0,1,0,0,0,0,0,0,0,0,26,0,0,1,1
429,0,0,1,1,0,,0,0,0,0,0,0,1,0,0,0,0,0,0,0,0,7.75,0,1,0,0
430,0,0,1,1,0,32,0,0,0,0,0,0,0,0,0,0,0,0,1,0,0,8.05,0,0,1,1
431,1,0,0,1,0,28,0,0,0,0,0,0,1,0,0,0,0,0,0,0,0,26.55,0,0,1,1
432,0,0,1,0,1,,1,0,0,0,0,0,1,0,0,0,0,0,0,0,0,16.1,0,0,1,1
433,0,1,0,0,1,42,1,0,0,0,0,0,0,0,0,0,1,0,0,0,0,26,0,0,1,1
434,0,0,1,1,0,17,0,0,0,0,0,0,0,0,0,0,0,0,0,1,0,7.125,0,0,1,0
435,1,0,0,1,0,50,1,0,0,0,0,0,1,0,0,0,0,0,0,0,0,55.9,0,0,1,0
436,1,0,0,0,1,14,1,2,0,0,0,0,1,0,0,0,0,0,0,0,0,120,0,0,1,1
437,0,0,1,0,1,21,2,2,0,0,0,0,0,0,0,0,0,0,0,0,1,34.375,0,0,1,0
438,0,1,0,0,1,24,2,3,0,0,0,0,1,0,0,0,0,0,0,0,0,18.75,0,0,1,1
439,1,0,0,1,0,64,1,4,0,0,0,0,1,0,0,0,0,0,0,0,0,263,0,0,1,0
440,0,1,0,1,0,31,0,0,0,0,1,0,0,0,0,0,0,0,0,0,0,10.5,0,0,1,0
441,0,1,0,0,1,45,1,1,0,0,0,1,0,0,0,0,0,0,0,0,0,26.25,0,0,1,1
442,0,0,1,1,0,20,0,0,0,0,0,0,1,0,0,0,0,0,0,0,0,9.5,0,0,1,0
443,0,0,1,1,0,25,1,0,0,0,0,0,1,0,0,0,0,0,0,0,0,7.775,0,0,1,0
444,0,1,0,0,1,28,0,0,0,0,0,0,1,0,0,0,0,0,0,0,0,13,0,0,1,1
445,0,0,1,1,0,,0,0,0,0,0,0,1,0,0,0,0,0,0,0,0,8.1125,0,0,1,1
446,1,0,0,1,0,4,0,2,0,0,0,0,1,0,0,0,0,0,0,0,0,81.8583,0,0,1,1
447,0,1,0,0,1,13,0,1,0,0,0,0,1,0,0,0,0,0,0,0,0,19.5,0,0,1,1
448,1,0,0,1,0,34,0,0,0,0,0,0,1,0,0,0,0,0,0,0,0,26.55,0,0,1,1
449,0,0,1,0,1,5,2,1,0,0,0,0,1,0,0,0,0,0,0,0,0,19.2583,1,0,0,1
450,1,0,0,1,0,52,0,0,0,0,0,0,1,0,0,0,0,0,0,0,0,30.5,0,0,1,1
451,0,1,0,1,0,36,1,2,0,0,1,0,0,0,0,0,0,0,0,0,0,27.75,0,0,1,0
452,0,0,1,1,0,,1,0,0,0,0,0,1,0,0,0,0,0,0,0,0,19.9667,0,0,1,0
453,1,0,0,1,0,30,0,0,0,0,0,0,1,0,0,0,0,0,0,0,0,27.75,1,0,0,0
454,1,0,0,1,0,49,1,0,0,0,0,0,1,0,0,0,0,0,0,0,0,89.1042,1,0,0,1
455,0,0,1,1,0,,0,0,1,0,0,0,0,0,0,0,0,0,0,0,0,8.05,0,0,1,0
456,0,0,1,1,0,29,0,0,0,0,0,0,1,0,0,0,0,0,0,0,0,7.8958,1,0,0,1
457,1,0,0,1,0,65,0,0,0,0,0,0,1,0,0,0,0,0,0,0,0,26.55,0,0,1,0
458,1,0,0,0,1,,1,0,0,0,0,0,1,0,0,0,0,0,0,0,0,51.8625,0,0,1,1
459,0,1,0,0,1,50,0,0,0,0,0,1,0,0,0,0,0,0,0,0,0,10.5,0,0,1,1
460,0,0,1,1,0,,0,0,0,0,0,0,1,0,0,0,0,0,0,0,0,7.75,0,1,0,0
461,1,0,0,1,0,48,0,0,0,0,0,0,1,0,0,0,0,0,0,0,0,26.55,0,0,1,1
462,0,0,1,1,0,34,0,0,0,0,0,0,1,0,0,0,0,0,0,0,0,8.05,0,0,1,0
463,1,0,0,1,0,47,0,0,0,0,0,0,1,0,0,0,0,0,0,0,0,38.5,0,0,1,0
464,0,1,0,1,0,48,0,0,0,0,0,0,1,0,0,0,0,0,0,0,0,13,0,0,1,0
465,0,0,1,1,0,,0,0,1,0,0,0,0,0,0,0,0,0,0,0,0,8.05,0,0,1,0
466,0,0,1,1,0,38,0,0,0,0,0,0,0,0,0,0,0,0,1,0,0,7.05,0,0,1,0
467,0,1,0,1,0,,0,0,0,0,0,0,1,0,0,0,0,0,0,0,0,0,0,0,1,0
468,1,0,0,1,0,56,0,0,0,0,0,0,1,0,0,0,0,0,0,0,0,26.55,0,0,1,0
469,0,0,1,1,0,,0,0,0,0,0,0,1,0,0,0,0,0,0,0,0,7.725,0,1,0,0
470,0,0,1,0,1,0.75,2,1,0,0,0,0,1,0,0,0,0,0,0,0,0,19.2583,1,0,0,1
471,0,0,1,1,0,,0,0,0,0,0,0,1,0,0,0,0,0,0,0,0,7.25,0,0,1,0
472,0,0,1,1,0,38,0,0,0,0,0,0,1,0,0,0,0,0,0,0,0,8.6625,0,0,1,0
473,0,1,0,0,1,33,1,2,0,0,1,0,0,0,0,0,0,0,0,0,0,27.75,0,0,1,1
474,0,1,0,0,1,23,0,0,0,0,0,0,0,0,0,0,1,0,0,0,0,13.7917,1,0,0,1
475,0,0,1,0,1,22,0,0,0,0,0,0,1,0,0,0,0,0,0,0,0,9.8375,0,0,1,0
476,1,0,0,1,0,,0,0,0,0,0,0,1,0,0,0,0,0,0,0,0,52,0,0,1,0
477,0,1,0,1,0,34,1,0,0,0,0,0,1,0,0,0,0,0,0,0,0,21,0,0,1,0
478,0,0,1,1,0,29,1,0,0,0,0,0,1,0,0,0,0,0,0,0,0,7.0458,0,0,1,0
479,0,0,1,1,0,22,0,0,0,0,0,0,1,0,0,0,0,0,0,0,0,7.5208,0,0,1,0
480,0,0,1,0,1,2,0,1,0,0,0,0,1,0,0,0,0,0,0,0,0,12.2875,0,0,1,1
481,0,0,1,1,0,9,5,2,0,0,1,0,0,0,0,0,0,0,0,0,0,46.9,0,0,1,0
482,0,1,0,1,0,,0,0,0,0,0,0,1,0,0,0,0,0,0,0,0,0,0,0,1,0
483,0,0,1,1,0,50,0,0,1,0,0,0,0,0,0,0,0,0,0,0,0,8.05,0,0,1,0
484,0,0,1,0,1,63,0,0,0,0,0,0,1,0,0,0,0,0,0,0,0,9.5875,0,0,1,1
485,1,0,0,1,0,25,1,0,0,0,0,0,1,0,0,0,0,0,0,0,0,91.0792,1,0,0,1
486,0,0,1,0,1,,3,1,0,0,0,0,1,0,0,0,0,0,0,0,0,25.4667,0,0,1,0
487,1,0,0,0,1,35,1,0,0,0,0,0,1,0,0,0,0,0,0,0,0,90,0,0,1,1
488,1,0,0,1,0,58,0,0,0,0,0,0,1,0,0,0,0,0,0,0,0,29.7,1,0,0,0
489,0,0,1,1,0,30,0,0,1,0,0,0,0,0,0,0,0,0,0,0,0,8.05,0,0,1,0
490,0,0,1,1,0,9,1,1,0,0,1,0,0,0,0,0,0,0,0,0,0,15.9,0,0,1,1
491,0,0,1,1,0,,1,0,0,0,0,0,1,0,0,0,0,0,0,0,0,19.9667,0,0,1,0
492,0,0,1,1,0,21,0,0,0,0,0,0,0,0,0,0,0,0,1,0,0,7.25,0,0,1,0
493,1,0,0,1,0,55,0,0,0,0,0,0,1,0,0,0,0,0,0,0,0,30.5,0,0,1,0
494,1,0,0,1,0,71,0,0,0,0,0,0,0,0,1,0,0,0,0,0,0,49.5042,1,0,0,0
495,0,0,1,1,0,21,0,0,1,0,0,0,0,0,0,0,0,0,0,0,0,8.05,0,0,1,0
496,0,0,1,1,0,,0,0,0,0,0,0,1,0,0,0,0,0,0,0,0,14.4583,1,0,0,0
497,1,0,0,0,1,54,1,0,0,0,0,0,1,0,0,0,0,0,0,0,0,78.2667,1,0,0,1
498,0,0,1,1,0,,0,0,0,0,1,0,0,0,0,0,0,0,0,0,0,15.1,0,0,1,0
499,1,0,0,0,1,25,1,2,0,0,0,0,1,0,0,0,0,0,0,0,0,151.55,0,0,1,0
500,0,0,1,1,0,24,0,0,0,0,0,0,1,0,0,0,0,0,0,0,0,7.7958,0,0,1,0
501,0,0,1,1,0,17,0,0,0,0,0,0,1,0,0,0,0,0,0,0,0,8.6625,0,0,1,0
502,0,0,1,0,1,21,0,0,0,0,0,0,1,0,0,0,0,0,0,0,0,7.75,0,1,0,0
503,0,0,1,0,1,,0,0,0,0,0,0,1,0,0,0,0,0,0,0,0,7.6292,0,1,0,0
504,0,0,1,0,1,37,0,0,0,0,0,0,1,0,0,0,0,0,0,0,0,9.5875,0,0,1,0
505,1,0,0,0,1,16,0,0,0,0,0,0,1,0,0,0,0,0,0,0,0,86.5,0,0,1,1
506,1,0,0,1,0,18,1,0,0,0,0,0,0,0,1,0,0,0,0,0,0,108.9,1,0,0,0
507,0,1,0,0,1,33,0,2,0,0,0,0,1,0,0,0,0,0,0,0,0,26,0,0,1,1
508,1,0,0,1,0,,0,0,0,0,0,0,1,0,0,0,0,0,0,0,0,26.55,0,0,1,1
509,0,0,1,1,0,28,0,0,0,1,0,0,0,0,0,0,0,0,0,0,0,22.525,0,0,1,0
510,0,0,1,1,0,26,0,0,0,0,0,0,1,0,0,0,0,0,0,0,0,56.4958,0,0,1,1
511,0,0,1,1,0,29,0,0,0,0,0,0,1,0,0,0,0,0,0,0,0,7.75,0,1,0,1
512,0,0,1,1,0,,0,0,0,0,0,0,0,0,0,0,0,0,1,0,0,8.05,0,0,1,0
513,1,0,0,1,0,36,0,0,0,0,0,0,0,0,1,0,0,0,0,0,0,26.2875,0,0,1,1
514,1,0,0,0,1,54,1,0,0,0,0,0,0,0,1,0,0,0,0,0,0,59.4,1,0,0,1
515,0,0,1,1,0,24,0,0,0,0,0,0,1,0,0,0,0,0,0,0,0,7.4958,0,0,1,0
516,1,0,0,1,0,47,0,0,0,0,0,0,1,0,0,0,0,0,0,0,0,34.0208,0,0,1,0
517,0,1,0,0,1,34,0,0,0,0,1,0,0,0,0,0,0,0,0,0,0,10.5,0,0,1,1
518,0,0,1,1,0,,0,0,0,0,0,0,1,0,0,0,0,0,0,0,0,24.15,0,1,0,0
519,0,1,0,0,1,36,1,0,0,0,0,0,1,0,0,0,0,0,0,0,0,26,0,0,1,1
520,0,0,1,1,0,32,0,0,0,0,0,0,1,0,0,0,0,0,0,0,0,7.8958,0,0,1,0
521,1,0,0,0,1,30,0,0,0,0,0,0,1,0,0,0,0,0,0,0,0,93.5,0,0,1,1
522,0,0,1,1,0,22,0,0,0,0,0,0,1,0,0,0,0,0,0,0,0,7.8958,0,0,1,0
523,0,0,1,1,0,,0,0,0,0,0,0,1,0,0,0,0,0,0,0,0,7.225,1,0,0,0
524,1,0,0,0,1,44,0,1,0,0,0,0,1,0,0,0,0,0,0,0,0,57.9792,1,0,0,1
525,0,0,1,1,0,,0,0,0,0,0,0,1,0,0,0,0,0,0,0,0,7.2292,1,0,0,0
526,0,0,1,1,0,40.5,0,0,0,0,0,0,1,0,0,0,0,0,0,0,0,7.75,0,1,0,0
527,0,1,0,0,1,50,0,0,0,0,0,0,0,0,0,0,0,0,0,0,1,10.5,0,0,1,1
528,1,0,0,1,0,,0,0,0,0,0,0,0,0,1,0,0,0,0,0,0,221.7792,0,0,1,0
529,0,0,1,1,0,39,0,0,0,0,0,0,1,0,0,0,0,0,0,0,0,7.925,0,0,1,0
530,0,1,0,1,0,23,2,1,0,0,0,0,1,0,0,0,0,0,0,0,0,11.5,0,0,1,0
531,0,1,0,0,1,2,1,1,0,0,0,0,1,0,0,0,0,0,0,0,0,26,0,0,1,1
532,0,0,1,1,0,,0,0,0,0,0,0,1,0,0,0,0,0,0,0,0,7.2292,1,0,0,0
533,0,0,1,1,0,17,1,1,0,0,0,0,1,0,0,0,0,0,0,0,0,7.2292,1,0,0,0
534,0,0,1,0,1,,0,2,0,0,0,0,1,0,0,0,0,0,0,0,0,22.3583,1,0,0,1
535,0,0,1,0,1,30,0,0,0,0,0,0,1,0,0,0,0,0,0,0,0,8.6625,0,0,1,0
536,0,1,0,0,1,7,0,2,0,0,0,1,0,0,0,0,0,0,0,0,0,26.25,0,0,1,1
537,1,0,0,1,0,45,0,0,0,0,0,0,1,0,0,0,0,0,0,0,0,26.55,0,0,1,0
538,1,0,0,0,1,30,0,0,0,0,0,0,0,0,1,0,0,0,0,0,0,106.425,1,0,0,1
539,0,0,1,1,0,,0,0,0,0,0,0,1,0,0,0,0,0,0,0,0,14.5,0,0,1,0
540,1,0,0,0,1,22,0,2,0,0,0,0,1,0,0,0,0,0,0,0,0,49.5,1,0,0,1
541,1,0,0,0,1,36,0,2,0,0,0,0,0,0,0,0,0,0,0,0,1,71,0,0,1,1
542,0,0,1,0,1,9,4,2,0,0,0,0,1,0,0,0,0,0,0,0,0,31.275,0,0,1,0
543,0,0,1,0,1,11,4,2,0,0,0,0,1,0,0,0,0,0,0,0,0,31.275,0,0,1,0
544,0,1,0,1,0,32,1,0,0,0,0,0,1,0,0,0,0,0,0,0,0,26,0,0,1,1
545,1,0,0,1,0,50,1,0,0,0,0,0,0,0,1,0,0,0,0,0,0,106.425,1,0,0,0
546,1,0,0,1,0,64,0,0,0,0,0,0,1,0,0,0,0,0,0,0,0,26,0,0,1,0
547,0,1,0,0,1,19,1,0,0,0,0,0,1,0,0,0,0,0,0,0,0,26,0,0,1,1
548,0,1,0,1,0,,0,0,0,0,0,0,0,0,0,0,1,0,0,0,0,13.8625,1,0,0,1
549,0,0,1,1,0,33,1,1,0,0,0,0,1,0,0,0,0,0,0,0,0,20.525,0,0,1,0
550,0,1,0,1,0,8,1,1,0,0,1,0,0,0,0,0,0,0,0,0,0,36.75,0,0,1,1
551,1,0,0,1,0,17,0,2,0,0,0,0,1,0,0,0,0,0,0,0,0,110.8833,1,0,0,1
552,0,1,0,1,0,27,0,0,0,0,0,0,1,0,0,0,0,0,0,0,0,26,0,0,1,0
553,0,0,1,1,0,,0,0,0,0,0,0,1,0,0,0,0,0,0,0,0,7.8292,0,1,0,0
554,0,0,1,1,0,22,0,0,0,0,0,0,1,0,0,0,0,0,0,0,0,7.225,1,0,0,1
555,0,0,1,0,1,22,0,0,0,0,0,0,1,0,0,0,0,0,0,0,0,7.775,0,0,1,1
556,1,0,0,1,0,62,0,0,0,0,0,0,1,0,0,0,0,0,0,0,0,26.55,0,0,1,0
557,1,0,0,0,1,48,1,0,0,0,0,0,1,0,0,0,0,0,0,0,0,39.6,1,0,0,1
558,1,0,0,1,0,,0,0,0,0,0,0,0,0,1,0,0,0,0,0,0,227.525,1,0,0,0
559,1,0,0,0,1,39,1,1,0,0,0,0,1,0,0,0,0,0,0,0,0,79.65,0,0,1,1
560,0,0,1,0,1,36,1,0,0,0,0,0,1,0,0,0,0,0,0,0,0,17.4,0,0,1,1
561,0,0,1,1,0,,0,0,0,0,0,0,1,0,0,0,0,0,0,0,0,7.75,0,1,0,0
562,0,0,1,1,0,40,0,0,0,0,0,0,1,0,0,0,0,0,0,0,0,7.8958,0,0,1,0
563,0,1,0,1,0,28,0,0,0,0,0,0,1,0,0,0,0,0,0,0,0,13.5,0,0,1,0
564,0,0,1,1,0,,0,0,0,0,0,0,0,0,0,0,0,0,1,0,0,8.05,0,0,1,0
565,0,0,1,0,1,,0,0,0,0,0,0,0,0,0,0,0,0,1,0,0,8.05,0,0,1,0
566,0,0,1,1,0,24,2,0,1,0,0,0,0,0,0,0,0,0,0,0,0,24.15,0,0,1,0
567,0,0,1,1,0,19,0,0,0,0,0,0,1,0,0,0,0,0,0,0,0,7.8958,0,0,1,0
568,0,0,1,0,1,29,0,4,0,0,0,0,1,0,0,0,0,0,0,0,0,21.075,0,0,1,0
569,0,0,1,1,0,,0,0,0,0,0,0,1,0,0,0,0,0,0,0,0,7.2292,1,0,0,0
570,0,0,1,1,0,32,0,0,0,0,0,0,1,0,0,0,0,0,0,0,0,7.8542,0,0,1,1
571,0,1,0,1,0,62,0,0,0,0,0,0,0,1,0,0,0,0,0,0,0,10.5,0,0,1,1
572,1,0,0,0,1,53,2,0,0,0,0,0,1,0,0,0,0,0,0,0,0,51.4792,0,0,1,1
573,1,0,0,1,0,36,0,0,0,0,0,0,0,0,1,0,0,0,0,0,0,26.3875,0,0,1,1
574,0,0,1,0,1,,0,0,0,0,0,0,1,0,0,0,0,0,0,0,0,7.75,0,1,0,1
575,0,0,1,1,0,16,0,0,1,0,0,0,0,0,0,0,0,0,0,0,0,8.05,0,0,1,0
576,0,0,1,1,0,19,0,0,0,0,0,0,1,0,0,0,0,0,0,0,0,14.5,0,0,1,0
577,0,1,0,0,1,34,0,0,0,0,0,0,1,0,0,0,0,0,0,0,0,13,0,0,1,1
578,1,0,0,0,1,39,1,0,0,0,0,0,1,0,0,0,0,0,0,0,0,55.9,0,0,1,1
579,0,0,1,0,1,,1,0,0,0,0,0,1,0,0,0,0,0,0,0,0,14.4583,1,0,0,0
580,0,0,1,1,0,32,0,0,0,0,0,0,0,0,0,0,0,0,0,1,0,7.925,0,0,1,1
581,0,1,0,0,1,25,1,1,0,0,0,0,1,0,0,0,0,0,0,0,0,30,0,0,1,1
582,1,0,0,0,1,39,1,1,0,0,0,0,1,0,0,0,0,0,0,0,0,110.8833,1,0,0,1
583,0,1,0,1,0,54,0,0,0,0,0,0,1,0,0,0,0,0,0,0,0,26,0,0,1,0
584,1,0,0,1,0,36,0,0,0,0,0,0,1,0,0,0,0,0,0,0,0,40.125,1,0,0,0
585,0,0,1,1,0,,0,0,0,0,0,0,1,0,0,0,0,0,0,0,0,8.7125,1,0,0,0
586,1,0,0,0,1,18,0,2,0,0,0,0,1,0,0,0,0,0,0,0,0,79.65,0,0,1,1
587,0,1,0,1,0,47,0,0,0,0,0,0,1,0,0,0,0,0,0,0,0,15,0,0,1,0
588,1,0,0,1,0,60,1,1,0,0,0,0,1,0,0,0,0,0,0,0,0,79.2,1,0,0,1
589,0,0,1,1,0,22,0,0,0,0,0,0,1,0,0,0,0,0,0,0,0,8.05,0,0,1,0
590,0,0,1,1,0,,0,0,1,0,0,0,0,0,0,0,0,0,0,0,0,8.05,0,0,1,0
591,0,0,1,1,0,35,0,0,0,0,0,0,0,0,0,0,0,0,0,1,0,7.125,0,0,1,0
592,1,0,0,0,1,52,1,0,0,0,0,0,1,0,0,0,0,0,0,0,0,78.2667,1,0,0,1
593,0,0,1,1,0,47,0,0,1,0,0,0,0,0,0,0,0,0,0,0,0,7.25,0,0,1,0
594,0,0,1,0,1,,0,2,0,0,0,0,1,0,0,0,0,0,0,0,0,7.75,0,1,0,0
595,0,1,0,1,0,37,1,0,0,0,0,0,0,0,0,0,1,0,0,0,0,26,0,0,1,0
596,0,0,1,1,0,36,1,1,0,0,0,0,1,0,0,0,0,0,0,0,0,24.15,0,0,1,0
597,0,1,0,0,1,,0,0,0,0,0,0,1,0,0,0,0,0,0,0,0,33,0,0,1,1
598,0,0,1,1,0,49,0,0,0,0,0,0,0,1,0,0,0,0,0,0,0,0,0,0,1,0
599,0,0,1,1,0,,0,0,0,0,0,0,1,0,0,0,0,0,0,0,0,7.225,1,0,0,0
600,1,0,0,1,0,49,1,0,0,0,0,0,0,0,1,0,0,0,0,0,0,56.9292,1,0,0,1
601,0,1,0,0,1,24,2,1,0,0,0,0,1,0,0,0,0,0,0,0,0,27,0,0,1,1
602,0,0,1,1,0,,0,0,0,0,0,0,1,0,0,0,0,0,0,0,0,7.8958,0,0,1,0
603,1,0,0,1,0,,0,0,0,0,0,0,1,0,0,0,0,0,0,0,0,42.4,0,0,1,0
604,0,0,1,1,0,44,0,0,0,0,0,0,1,0,0,0,0,0,0,0,0,8.05,0,0,1,0
605,1,0,0,1,0,35,0,0,0,0,0,0,1,0,0,0,0,0,0,0,0,26.55,1,0,0,1
606,0,0,1,1,0,36,1,0,0,0,0,0,1,0,0,0,0,0,0,0,0,15.55,0,0,1,0
607,0,0,1,1,0,30,0,0,0,0,0,0,1,0,0,0,0,0,0,0,0,7.8958,0,0,1,0
608,1,0,0,1,0,27,0,0,0,0,0,0,1,0,0,0,0,0,0,0,0,30.5,0,0,1,1
609,0,1,0,0,1,22,1,2,0,0,0,0,0,0,0,0,1,0,0,0,0,41.5792,1,0,0,1
610,1,0,0,0,1,40,0,0,0,0,0,0,0,0,1,0,0,0,0,0,0,153.4625,0,0,1,1
611,0,0,1,0,1,39,1,5,0,0,0,0,1,0,0,0,0,0,0,0,0,31.275,0,0,1,0
612,0,0,1,1,0,,0,0,0,0,0,0,0,0,0,0,0,0,1,0,0,7.05,0,0,1,0
613,0,0,1,0,1,,1,0,0,0,0,0,1,0,0,0,0,0,0,0,0,15.5,0,1,0,1
614,0,0,1,1,0,,0,0,0,0,0,0,1,0,0,0,0,0,0,0,0,7.75,0,1,0,0
615,0,0,1,1,0,35,0,0,0,0,0,0,1,0,0,0,0,0,0,0,0,8.05,0,0,1,0
616,0,1,0,0,1,24,1,2,0,0,0,0,1,0,0,0,0,0,0,0,0,65,0,0,1,1
617,0,0,1,1,0,34,1,1,0,0,0,0,1,0,0,0,0,0,0,0,0,14.4,0,0,1,0
618,0,0,1,0,1,26,1,0,1,0,0,0,0,0,0,0,0,0,0,0,0,16.1,0,0,1,0
619,0,1,0,0,1,4,2,1,0,0,0,0,1,0,0,0,0,0,0,0,0,39,0,0,1,1
620,0,1,0,1,0,26,0,0,0,0,0,0,1,0,0,0,0,0,0,0,0,10.5,0,0,1,0
621,0,0,1,1,0,27,1,0,0,0,0,0,1,0,0,0,0,0,0,0,0,14.4542,1,0,0,0
622,1,0,0,1,0,42,1,0,0,0,0,0,1,0,0,0,0,0,0,0,0,52.5542,0,0,1,1
623,0,0,1,1,0,20,1,1,0,0,0,0,1,0,0,0,0,0,0,0,0,15.7417,1,0,0,1
624,0,0,1,1,0,21,0,0,0,0,0,0,1,0,0,0,0,0,0,0,0,7.8542,0,0,1,0
625,0,0,1,1,0,21,0,0,0,0,0,0,1,0,0,0,0,0,0,0,0,16.1,0,0,1,0
626,1,0,0,1,0,61,0,0,0,0,0,0,1,0,0,0,0,0,0,0,0,32.3208,0,0,1,0
627,0,1,0,1,0,57,0,0,0,0,0,0,1,0,0,0,0,0,0,0,0,12.35,0,1,0,0
628,1,0,0,0,1,21,0,0,0,0,0,0,1,0,0,0,0,0,0,0,0,77.9583,0,0,1,1
629,0,0,1,1,0,26,0,0,0,0,0,0,1,0,0,0,0,0,0,0,0,7.8958,0,0,1,0
630,0,0,1,1,0,,0,0,0,0,0,0,1,0,0,0,0,0,0,0,0,7.7333,0,1,0,0
631,1,0,0,1,0,80,0,0,0,0,0,0,1,0,0,0,0,0,0,0,0,30,0,0,1,1
632,0,0,1,1,0,51,0,0,0,0,0,0,1,0,0,0,0,0,0,0,0,7.0542,0,0,1,0
633,1,0,0,1,0,32,0,0,0,0,0,0,1,0,0,0,0,0,0,0,0,30.5,1,0,0,1
634,1,0,0,1,0,,0,0,0,0,0,0,1,0,0,0,0,0,0,0,0,0,0,0,1,0
635,0,0,1,0,1,9,3,2,0,0,0,0,1,0,0,0,0,0,0,0,0,27.9,0,0,1,0
636,0,1,0,0,1,28,0,0,0,0,0,0,1,0,0,0,0,0,0,0,0,13,0,0,1,1
637,0,0,1,1,0,32,0,0,0,0,0,0,0,0,0,0,0,0,0,1,0,7.925,0,0,1,0
638,0,1,0,1,0,31,1,1,0,0,1,0,0,0,0,0,0,0,0,0,0,26.25,0,0,1,0
639,0,0,1,0,1,41,0,5,0,0,0,0,1,0,0,0,0,0,0,0,0,39.6875,0,0,1,0
640,0,0,1,1,0,,1,0,0,0,0,0,1,0,0,0,0,0,0,0,0,16.1,0,0,1,0
641,0,0,1,1,0,20,0,0,0,0,0,0,1,0,0,0,0,0,0,0,0,7.8542,0,0,1,0
642,1,0,0,0,1,24,0,0,0,0,0,0,0,0,1,0,0,0,0,0,0,69.3,1,0,0,1
643,0,0,1,0,1,2,3,2,0,0,0,0,1,0,0,0,0,0,0,0,0,27.9,0,0,1,0
644,0,0,1,1,0,,0,0,0,0,0,0,1,0,0,0,0,0,0,0,0,56.4958,0,0,1,1
645,0,0,1,0,1,0.75,2,1,0,0,0,0,1,0,0,0,0,0,0,0,0,19.2583,1,0,0,1
646,1,0,0,1,0,48,1,0,0,0,0,0,0,0,1,0,0,0,0,0,0,76.7292,1,0,0,1
647,0,0,1,1,0,19,0,0,0,0,0,0,1,0,0,0,0,0,0,0,0,7.8958,0,0,1,0
648,1,0,0,1,0,56,0,0,0,0,0,0,1,0,0,0,0,0,0,0,0,35.5,1,0,0,1
649,0,0,1,1,0,,0,0,0,0,0,0,0,0,0,0,0,1,0,0,0,7.55,0,0,1,0
650,0,0,1,0,1,23,0,0,0,0,1,0,0,0,0,0,0,0,0,0,0,7.55,0,0,1,1
651,0,0,1,1,0,,0,0,0,0,0,0,1,0,0,0,0,0,0,0,0,7.8958,0,0,1,0
652,0,1,0,0,1,18,0,1,0,0,0,0,1,0,0,0,0,0,0,0,0,23,0,0,1,1
653,0,0,1,1,0,21,0,0,0,0,0,0,1,0,0,0,0,0,0,0,0,8.4333,0,0,1,0
654,0,0,1,0,1,,0,0,0,0,0,0,1,0,0,0,0,0,0,0,0,7.8292,0,1,0,1
655,0,0,1,0,1,18,0,0,0,0,0,0,1,0,0,0,0,0,0,0,0,6.75,0,1,0,0
656,0,1,0,1,0,24,2,0,0,0,0,0,0,0,0,0,0,1,0,0,0,73.5,0,0,1,0
657,0,0,1,1,0,,0,0,0,0,0,0,1,0,0,0,0,0,0,0,0,7.8958,0,0,1,0
658,0,0,1,0,1,32,1,1,0,0,0,0,1,0,0,0,0,0,0,0,0,15.5,0,1,0,0
659,0,1,0,1,0,23,0,0,0,0,0,0,1,0,0,0,0,0,0,0,0,13,0,0,1,0
660,1,0,0,1,0,58,0,2,0,0,0,0,1,0,0,0,0,0,0,0,0,113.275,1,0,0,0
661,1,0,0,1,0,50,2,0,0,0,0,0,0,0,1,0,0,0,0,0,0,133.65,0,0,1,1
662,0,0,1,1,0,40,0,0,0,0,0,0,1,0,0,0,0,0,0,0,0,7.225,1,0,0,0
663,1,0,0,1,0,47,0,0,0,0,0,0,1,0,0,0,0,0,0,0,0,25.5875,0,0,1,0
664,0,0,1,1,0,36,0,0,0,0,0,0,1,0,0,0,0,0,0,0,0,7.4958,0,0,1,0
665,0,0,1,1,0,20,1,0,0,0,0,0,0,0,0,0,0,0,0,1,0,7.925,0,0,1,1
666,0,1,0,1,0,32,2,0,0,0,0,0,0,0,0,0,0,1,0,0,0,73.5,0,0,1,0
667,0,1,0,1,0,25,0,0,0,0,0,0,1,0,0,0,0,0,0,0,0,13,0,0,1,0
668,0,0,1,1,0,,0,0,0,0,0,0,1,0,0,0,0,0,0,0,0,7.775,0,0,1,0
669,0,0,1,1,0,43,0,0,1,0,0,0,0,0,0,0,0,0,0,0,0,8.05,0,0,1,0
670,1,0,0,0,1,,1,0,0,0,0,0,1,0,0,0,0,0,0,0,0,52,0,0,1,1
671,0,1,0,0,1,40,1,1,0,0,0,0,1,0,0,0,0,0,0,0,0,39,0,0,1,1
672,1,0,0,1,0,31,1,0,0,0,0,1,0,0,0,0,0,0,0,0,0,52,0,0,1,0
673,0,1,0,1,0,70,0,0,0,0,1,0,0,0,0,0,0,0,0,0,0,10.5,0,0,1,0
674,0,1,0,1,0,31,0,0,0,0,0,0,1,0,0,0,0,0,0,0,0,13,0,0,1,1
675,0,1,0,1,0,,0,0,0,0,0,0,1,0,0,0,0,0,0,0,0,0,0,0,1,0
676,0,0,1,1,0,18,0,0,0,0,0,0,1,0,0,0,0,0,0,0,0,7.775,0,0,1,0
677,0,0,1,1,0,24.5,0,0,0,0,0,0,1,0,0,0,0,0,0,0,0,8.05,0,0,1,0
678,0,0,1,0,1,18,0,0,0,0,0,0,1,0,0,0,0,0,0,0,0,9.8417,0,0,1,1
679,0,0,1,0,1,43,1,6,0,0,1,0,0,0,0,0,0,0,0,0,0,46.9,0,0,1,0
680,1,0,0,1,0,36,0,1,0,0,0,0,0,0,1,0,0,0,0,0,0,512.3292,1,0,0,1
681,0,0,1,0,1,,0,0,0,0,0,0,1,0,0,0,0,0,0,0,0,8.1375,0,1,0,0
682,1,0,0,1,0,27,0,0,0,0,0,0,0,0,1,0,0,0,0,0,0,76.7292,1,0,0,1
683,0,0,1,1,0,20,0,0,0,0,0,0,1,0,0,0,0,0,0,0,0,9.225,0,0,1,0
684,0,0,1,1,0,14,5,2,0,0,1,0,0,0,0,0,0,0,0,0,0,46.9,0,0,1,0
685,0,1,0,1,0,60,1,1,0,0,0,0,1,0,0,0,0,0,0,0,0,39,0,0,1,0
686,0,1,0,1,0,25,1,2,0,0,0,0,0,0,0,0,1,0,0,0,0,41.5792,1,0,0,0
687,0,0,1,1,0,14,4,1,0,0,0,0,1,0,0,0,0,0,0,0,0,39.6875,0,0,1,0
688,0,0,1,1,0,19,0,0,0,0,0,0,1,0,0,0,0,0,0,0,0,10.1708,0,0,1,0
689,0,0,1,1,0,18,0,0,0,0,0,0,1,0,0,0,0,0,0,0,0,7.7958,0,0,1,0
690,1,0,0,0,1,15,0,1,0,0,0,0,1,0,0,0,0,0,0,0,0,211.3375,0,0,1,1
691,1,0,0,1,0,31,1,0,0,0,0,0,1,0,0,0,0,0,0,0,0,57,0,0,1,1
692,0,0,1,0,1,4,0,1,0,0,0,0,1,0,0,0,0,0,0,0,0,13.4167,1,0,0,1
693,0,0,1,1,0,,0,0,0,0,0,0,1,0,0,0,0,0,0,0,0,56.4958,0,0,1,1
694,0,0,1,1,0,25,0,0,0,0,0,0,1,0,0,0,0,0,0,0,0,7.225,1,0,0,0
695,1,0,0,1,0,60,0,0,0,0,0,0,1,0,0,0,0,0,0,0,0,26.55,0,0,1,0
696,0,1,0,1,0,52,0,0,0,0,0,0,1,0,0,0,0,0,0,0,0,13.5,0,0,1,0
697,0,0,1,1,0,44,0,0,0,0,0,0,1,0,0,0,0,0,0,0,0,8.05,0,0,1,0
698,0,0,1,0,1,,0,0,0,0,0,0,1,0,0,0,0,0,0,0,0,7.7333,0,1,0,1
699,1,0,0,1,0,49,1,1,0,0,0,0,1,0,0,0,0,0,0,0,0,110.8833,1,0,0,0
700,0,0,1,1,0,42,0,0,0,0,0,0,1,0,0,0,0,0,0,0,0,7.65,0,0,1,0
701,1,0,0,0,1,18,1,0,0,0,0,0,0,0,1,0,0,0,0,0,0,227.525,1,0,0,1
702,1,0,0,1,0,35,0,0,0,0,0,0,0,0,1,0,0,0,0,0,0,26.2875,0,0,1,1
703,0,0,1,0,1,18,0,1,0,0,0,0,1,0,0,0,0,0,0,0,0,14.4542,1,0,0,0
704,0,0,1,1,0,25,0,0,0,0,0,0,1,0,0,0,0,0,0,0,0,7.7417,0,1,0,0
705,0,0,1,1,0,26,1,0,0,0,0,0,1,0,0,0,0,0,0,0,0,7.8542,0,0,1,0
706,0,1,0,1,0,39,0,0,0,0,0,0,1,0,0,0,0,0,0,0,0,26,0,0,1,0
707,0,1,0,0,1,45,0,0,0,0,0,0,1,0,0,0,0,0,0,0,0,13.5,0,0,1,1
708,1,0,0,1,0,42,0,0,0,0,0,0,0,0,1,0,0,0,0,0,0,26.2875,0,0,1,1
709,1,0,0,0,1,22,0,0,0,0,0,0,1,0,0,0,0,0,0,0,0,151.55,0,0,1,1
710,0,0,1,1,0,,1,1,0,0,0,0,1,0,0,0,0,0,0,0,0,15.2458,1,0,0,1
711,1,0,0,0,1,24,0,0,0,0,0,0,0,0,1,0,0,0,0,0,0,49.5042,1,0,0,1
712,1,0,0,1,0,,0,0,0,0,0,0,1,0,0,0,0,0,0,0,0,26.55,0,0,1,0
713,1,0,0,1,0,48,1,0,0,0,0,0,1,0,0,0,0,0,0,0,0,52,0,0,1,1
714,0,0,1,1,0,29,0,0,0,0,0,0,1,0,0,0,0,0,0,0,0,9.4833,0,0,1,0
715,0,1,0,1,0,52,0,0,0,0,0,0,1,0,0,0,0,0,0,0,0,13,0,0,1,0
716,0,0,1,1,0,19,0,0,0,0,0,0,1,0,0,0,0,0,0,0,0,7.65,0,0,1,0
717,1,0,0,0,1,38,0,0,0,0,0,0,0,0,1,0,0,0,0,0,0,227.525,1,0,0,1
718,0,1,0,0,1,27,0,0,0,0,0,0,1,0,0,0,0,0,0,0,0,10.5,0,0,1,1
719,0,0,1,1,0,,0,0,0,0,0,0,1,0,0,0,0,0,0,0,0,15.5,0,1,0,0
720,0,0,1,1,0,33,0,0,0,0,0,0,1,0,0,0,0,0,0,0,0,7.775,0,0,1,0
721,0,1,0,0,1,6,0,1,0,0,0,0,1,0,0,0,0,0,0,0,0,33,0,0,1,1
722,0,0,1,1,0,17,1,0,0,0,0,0,1,0,0,0,0,0,0,0,0,7.0542,0,0,1,0
723,0,1,0,1,0,34,0,0,0,0,0,0,1,0,0,0,0,0,0,0,0,13,0,0,1,0
724,0,1,0,1,0,50,0,0,0,0,0,0,1,0,0,0,0,0,0,0,0,13,0,0,1,0
725,1,0,0,1,0,27,1,0,0,0,0,0,1,0,0,0,0,0,0,0,0,53.1,0,0,1,1
726,0,0,1,1,0,20,0,0,0,0,0,0,1,0,0,0,0,0,0,0,0,8.6625,0,0,1,0
727,0,1,0,0,1,30,3,0,0,0,0,0,1,0,0,0,0,0,0,0,0,21,0,0,1,1
728,0,0,1,0,1,,0,0,0,0,0,0,1,0,0,0,0,0,0,0,0,7.7375,0,1,0,1
729,0,1,0,1,0,25,1,0,0,0,0,0,1,0,0,0,0,0,0,0,0,26,0,0,1,0
730,0,0,1,0,1,25,1,0,0,0,0,0,0,0,0,0,0,0,0,1,0,7.925,0,0,1,0
731,1,0,0,0,1,29,0,0,0,0,0,0,1,0,0,0,0,0,0,0,0,211.3375,0,0,1,1
732,0,0,1,1,0,11,0,0,0,0,0,0,1,0,0,0,0,0,0,0,0,18.7875,1,0,0,0
733,0,1,0,1,0,,0,0,0,0,0,0,1,0,0,0,0,0,0,0,0,0,0,0,1,0
734,0,1,0,1,0,23,0,0,0,0,0,0,1,0,0,0,0,0,0,0,0,13,0,0,1,0
735,0,1,0,1,0,23,0,0,0,0,0,0,1,0,0,0,0,0,0,0,0,13,0,0,1,0
736,0,0,1,1,0,28.5,0,0,0,0,0,0,1,0,0,0,0,0,0,0,0,16.1,0,0,1,0
737,0,0,1,0,1,48,1,3,0,0,0,0,0,0,0,0,0,0,0,0,1,34.375,0,0,1,0
738,1,0,0,1,0,35,0,0,0,0,0,0,0,0,1,0,0,0,0,0,0,512.3292,1,0,0,1
739,0,0,1,1,0,,0,0,0,0,0,0,1,0,0,0,0,0,0,0,0,7.8958,0,0,1,0
740,0,0,1,1,0,,0,0,0,0,0,0,1,0,0,0,0,0,0,0,0,7.8958,0,0,1,0
741,1,0,0,1,0,,0,0,0,0,0,0,1,0,0,0,0,0,0,0,0,30,0,0,1,1
742,1,0,0,1,0,36,1,0,0,0,0,0,1,0,0,0,0,0,0,0,0,78.85,0,0,1,0
743,1,0,0,0,1,21,2,2,0,0,0,0,0,0,1,0,0,0,0,0,0,262.375,1,0,0,1
744,0,0,1,1,0,24,1,0,0,0,0,0,1,0,0,0,0,0,0,0,0,16.1,0,0,1,0
745,0,0,1,1,0,31,0,0,0,0,0,0,0,0,0,0,0,0,0,1,0,7.925,0,0,1,1
746,1,0,0,1,0,70,1,1,0,0,0,0,0,0,0,0,0,0,0,0,1,71,0,0,1,0
747,0,0,1,1,0,16,1,1,0,0,1,0,0,0,0,0,0,0,0,0,0,20.25,0,0,1,0
748,0,1,0,0,1,30,0,0,0,0,0,0,1,0,0,0,0,0,0,0,0,13,0,0,1,1
749,1,0,0,1,0,19,1,0,0,0,0,0,1,0,0,0,0,0,0,0,0,53.1,0,0,1,0
750,0,0,1,1,0,31,0,0,0,0,0,0,1,0,0,0,0,0,0,0,0,7.75,0,1,0,0
751,0,1,0,0,1,4,1,1,0,0,0,0,1,0,0,0,0,0,0,0,0,23,0,0,1,1
752,0,0,1,1,0,6,0,1,0,0,0,0,1,0,0,0,0,0,0,0,0,12.475,0,0,1,1
753,0,0,1,1,0,33,0,0,0,0,0,0,1,0,0,0,0,0,0,0,0,9.5,0,0,1,0
754,0,0,1,1,0,23,0,0,0,0,0,0,1,0,0,0,0,0,0,0,0,7.8958,0,0,1,0
755,0,1,0,0,1,48,1,2,0,0,0,0,1,0,0,0,0,0,0,0,0,65,0,0,1,1
756,0,1,0,1,0,0.67,1,1,0,0,0,0,1,0,0,0,0,0,0,0,0,14.5,0,0,1,1
757,0,0,1,1,0,28,0,0,0,0,0,0,1,0,0,0,0,0,0,0,0,7.7958,0,0,1,0
758,0,1,0,1,0,18,0,0,0,0,0,0,1,0,0,0,0,0,0,0,0,11.5,0,0,1,0
759,0,0,1,1,0,34,0,0,0,0,0,0,1,0,0,0,0,0,0,0,0,8.05,0,0,1,0
760,1,0,0,0,1,33,0,0,0,0,0,0,1,0,0,0,0,0,0,0,0,86.5,0,0,1,1
761,0,0,1,1,0,,0,0,0,0,0,0,1,0,0,0,0,0,0,0,0,14.5,0,0,1,0
762,0,0,1,1,0,41,0,0,0,0,0,0,0,0,0,0,0,0,1,0,0,7.125,0,0,1,0
763,0,0,1,1,0,20,0,0,0,0,0,0,1,0,0,0,0,0,0,0,0,7.2292,1,0,0,1
764,1,0,0,0,1,36,1,2,0,0,0,0,1,0,0,0,0,0,0,0,0,120,0,0,1,1
765,0,0,1,1,0,16,0,0,0,0,0,0,1,0,0,0,0,0,0,0,0,7.775,0,0,1,0
766,1,0,0,0,1,51,1,0,0,0,0,0,1,0,0,0,0,0,0,0,0,77.9583,0,0,1,1
767,1,0,0,1,0,,0,0,0,0,0,0,1,0,0,0,0,0,0,0,0,39.6,1,0,0,0
768,0,0,1,0,1,30.5,0,0,0,0,0,0,1,0,0,0,0,0,0,0,0,7.75,0,1,0,0
769,0,0,1,1,0,,1,0,0,0,0,0,1,0,0,0,0,0,0,0,0,24.15,0,1,0,0
770,0,0,1,1,0,32,0,0,0,0,0,0,1,0,0,0,0,0,0,0,0,8.3625,0,0,1,0
771,0,0,1,1,0,24,0,0,0,0,0,0,1,0,0,0,0,0,0,0,0,9.5,0,0,1,0
772,0,0,1,1,0,48,0,0,0,0,0,0,1,0,0,0,0,0,0,0,0,7.8542,0,0,1,0
773,0,1,0,0,1,57,0,0,0,0,0,0,0,0,0,0,0,1,0,0,0,10.5,0,0,1,0
774,0,0,1,1,0,,0,0,0,0,0,0,1,0,0,0,0,0,0,0,0,7.225,1,0,0,0
775,0,1,0,0,1,54,1,3,0,0,0,0,1,0,0,0,0,0,0,0,0,23,0,0,1,1
776,0,0,1,1,0,18,0,0,0,0,0,0,1,0,0,0,0,0,0,0,0,7.75,0,0,1,0
777,0,0,1,1,0,,0,0,0,0,0,0,1,0,0,0,0,0,0,0,0,7.75,0,1,0,0
778,0,0,1,0,1,5,0,0,0,0,0,0,1,0,0,0,0,0,0,0,0,12.475,0,0,1,1
779,0,0,1,1,0,,0,0,0,0,0,0,1,0,0,0,0,0,0,0,0,7.7375,0,1,0,0
780,1,0,0,0,1,43,0,1,0,0,0,0,1,0,0,0,0,0,0,0,0,211.3375,0,0,1,1
781,0,0,1,0,1,13,0,0,0,0,0,0,1,0,0,0,0,0,0,0,0,7.2292,1,0,0,1
782,1,0,0,0,1,17,1,0,0,0,0,0,1,0,0,0,0,0,0,0,0,57,0,0,1,1
783,1,0,0,1,0,29,0,0,0,0,0,0,1,0,0,0,0,0,0,0,0,30,0,0,1,0
784,0,0,1,1,0,,1,2,0,0,0,0,0,0,0,0,0,0,0,0,1,23.45,0,0,1,0
785,0,0,1,1,0,25,0,0,0,0,0,0,0,0,0,0,0,0,1,0,0,7.05,0,0,1,0
786,0,0,1,1,0,25,0,0,0,0,0,0,1,0,0,0,0,0,0,0,0,7.25,0,0,1,0
787,0,0,1,0,1,18,0,0,0,0,0,0,1,0,0,0,0,0,0,0,0,7.4958,0,0,1,1
788,0,0,1,1,0,8,4,1,0,0,0,0,1,0,0,0,0,0,0,0,0,29.125,0,1,0,0
789,0,0,1,1,0,1,1,2,0,0,1,0,0,0,0,0,0,0,0,0,0,20.575,0,0,1,1
790,1,0,0,1,0,46,0,0,0,0,0,0,0,0,1,0,0,0,0,0,0,79.2,1,0,0,0
791,0,0,1,1,0,,0,0,0,0,0,0,1,0,0,0,0,0,0,0,0,7.75,0,1,0,0
792,0,1,0,1,0,16,0,0,0,0,0,0,1,0,0,0,0,0,0,0,0,26,0,0,1,0
793,0,0,1,0,1,,8,2,0,0,1,0,0,0,0,0,0,0,0,0,0,69.55,0,0,1,0
794,1,0,0,1,0,,0,0,0,0,0,0,0,0,1,0,0,0,0,0,0,30.6958,1,0,0,0
795,0,0,1,1,0,25,0,0,0,0,0,0,1,0,0,0,0,0,0,0,0,7.8958,0,0,1,0
796,0,1,0,1,0,39,0,0,0,0,0,0,1,0,0,0,0,0,0,0,0,13,0,0,1,0
797,1,0,0,0,1,49,0,0,0,0,0,0,1,0,0,0,0,0,0,0,0,25.9292,0,0,1,1
798,0,0,1,0,1,31,0,0,0,0,0,0,1,0,0,0,0,0,0,0,0,8.6833,0,0,1,1
799,0,0,1,1,0,30,0,0,0,0,0,0,1,0,0,0,0,0,0,0,0,7.2292,1,0,0,0
800,0,0,1,0,1,30,1,1,0,0,0,0,1,0,0,0,0,0,0,0,0,24.15,0,0,1,0
801,0,1,0,1,0,34,0,0,0,0,0,0,1,0,0,0,0,0,0,0,0,13,0,0,1,0
802,0,1,0,0,1,31,1,1,0,0,1,0,0,0,0,0,0,0,0,0,0,26.25,0,0,1,1
803,1,0,0,1,0,11,1,2,0,0,0,0,1,0,0,0,0,0,0,0,0,120,0,0,1,1
804,0,0,1,1,0,0.42,0,1,0,0,0,0,1,0,0,0,0,0,0,0,0,8.5167,1,0,0,1
805,0,0,1,1,0,27,0,0,0,0,0,0,1,0,0,0,0,0,0,0,0,6.975,0,0,1,1
806,0,0,1,1,0,31,0,0,0,0,0,0,1,0,0,0,0,0,0,0,0,7.775,0,0,1,0
807,1,0,0,1,0,39,0,0,0,0,0,0,1,0,0,0,0,0,0,0,0,0,0,0,1,0
808,0,0,1,0,1,18,0,0,0,0,0,0,1,0,0,0,0,0,0,0,0,7.775,0,0,1,0
809,0,1,0,1,0,39,0,0,0,0,0,0,1,0,0,0,0,0,0,0,0,13,0,0,1,0
810,1,0,0,0,1,33,1,0,0,0,0,0,1,0,0,0,0,0,0,0,0,53.1,0,0,1,1
811,0,0,1,1,0,26,0,0,0,0,0,0,1,0,0,0,0,0,0,0,0,7.8875,0,0,1,0
812,0,0,1,1,0,39,0,0,1,0,0,0,0,0,0,0,0,0,0,0,0,24.15,0,0,1,0
813,0,1,0,1,0,35,0,0,0,0,0,0,1,0,0,0,0,0,0,0,0,10.5,0,0,1,0
814,0,0,1,0,1,6,4,2,0,0,0,0,1,0,0,0,0,0,0,0,0,31.275,0,0,1,0
815,0,0,1,1,0,30.5,0,0,0,0,0,0,1,0,0,0,0,0,0,0,0,8.05,0,0,1,0
816,1,0,0,1,0,,0,0,0,0,0,0,1,0,0,0,0,0,0,0,0,0,0,0,1,0
817,0,0,1,0,1,23,0,0,0,0,0,0,0,0,0,0,0,0,0,1,0,7.925,0,0,1,0
818,0,1,0,1,0,31,1,1,0,0,0,0,0,0,0,0,1,0,0,0,0,37.0042,1,0,0,0
819,0,0,1,1,0,43,0,0,0,1,0,0,0,0,0,0,0,0,0,0,0,6.45,0,0,1,0
820,0,0,1,1,0,10,3,2,0,0,0,0,1,0,0,0,0,0,0,0,0,27.9,0,0,1,0
821,1,0,0,0,1,52,1,1,0,0,0,0,1,0,0,0,0,0,0,0,0,93.5,0,0,1,1
822,0,0,1,1,0,27,0,0,0,0,0,0,1,0,0,0,0,0,0,0,0,8.6625,0,0,1,1
823,1,0,0,1,0,38,0,0,0,0,0,0,1,0,0,0,0,0,0,0,0,0,0,0,1,0
824,0,0,1,0,1,27,0,1,0,0,0,0,1,0,0,0,0,0,0,0,0,12.475,0,0,1,1
825,0,0,1,1,0,2,4,1,0,0,0,0,1,0,0,0,0,0,0,0,0,39.6875,0,0,1,0
826,0,0,1,1,0,,0,0,0,0,0,0,1,0,0,0,0,0,0,0,0,6.95,0,1,0,0
827,0,0,1,1,0,,0,0,0,0,0,0,1,0,0,0,0,0,0,0,0,56.4958,0,0,1,0
828,0,1,0,1,0,1,0,2,0,0,0,0,0,0,0,0,1,0,0,0,0,37.0042,1,0,0,1
829,0,0,1,1,0,,0,0,0,0,0,0,1,0,0,0,0,0,0,0,0,7.75,0,1,0,1
830,1,0,0,0,1,62,0,0,0,0,0,0,1,0,0,0,0,0,0,0,0,80,0,0,0,1
831,0,0,1,0,1,15,1,0,0,0,0,0,1,0,0,0,0,0,0,0,0,14.4542,1,0,0,1
832,0,1,0,1,0,0.83,1,1,0,0,0,0,1,0,0,0,0,0,0,0,0,18.75,0,0,1,1
833,0,0,1,1,0,,0,0,0,0,0,0,1,0,0,0,0,0,0,0,0,7.2292,1,0,0,0
834,0,0,1,1,0,23,0,0,0,0,0,0,1,0,0,0,0,0,0,0,0,7.8542,0,0,1,0
835,0,0,1,1,0,18,0,0,0,0,0,0,1,0,0,0,0,0,0,0,0,8.3,0,0,1,0
836,1,0,0,0,1,39,1,1,0,0,0,0,0,0,1,0,0,0,0,0,0,83.1583,1,0,0,1
837,0,0,1,1,0,21,0,0,0,0,0,0,1,0,0,0,0,0,0,0,0,8.6625,0,0,1,0
838,0,0,1,1,0,,0,0,0,0,0,0,1,0,0,0,0,0,0,0,0,8.05,0,0,1,0
839,0,0,1,1,0,32,0,0,0,0,0,0,1,0,0,0,0,0,0,0,0,56.4958,0,0,1,1
840,1,0,0,1,0,,0,0,0,0,0,0,1,0,0,0,0,0,0,0,0,29.7,1,0,0,1
841,0,0,1,1,0,20,0,0,0,0,0,0,0,0,0,0,0,0,1,0,0,7.925,0,0,1,0
842,0,1,0,1,0,16,0,0,0,0,0,0,0,0,0,0,0,1,0,0,0,10.5,0,0,1,0
843,1,0,0,0,1,30,0,0,0,0,0,0,1,0,0,0,0,0,0,0,0,31,1,0,0,1
844,0,0,1,1,0,34.5,0,0,0,0,0,0,1,0,0,0,0,0,0,0,0,6.4375,1,0,0,0
845,0,0,1,1,0,17,0,0,0,0,0,0,1,0,0,0,0,0,0,0,0,8.6625,0,0,1,0
846,0,0,1,1,0,42,0,0,0,0,1,0,0,0,0,0,0,0,0,0,0,7.55,0,0,1,0
847,0,0,1,1,0,,8,2,0,0,1,0,0,0,0,0,0,0,0,0,0,69.55,0,0,1,0
848,0,0,1,1,0,35,0,0,0,0,0,0,1,0,0,0,0,0,0,0,0,7.8958,1,0,0,0
849,0,1,0,1,0,28,0,1,0,0,0,0,1,0,0,0,0,0,0,0,0,33,0,0,1,0
850,1,0,0,0,1,,1,0,0,0,0,0,1,0,0,0,0,0,0,0,0,89.1042,1,0,0,1
851,0,0,1,1,0,4,4,2,0,0,0,0,1,0,0,0,0,0,0,0,0,31.275,0,0,1,0
852,0,0,1,1,0,74,0,0,0,0,0,0,1,0,0,0,0,0,0,0,0,7.775,0,0,1,0
853,0,0,1,0,1,9,1,1,0,0,0,0,1,0,0,0,0,0,0,0,0,15.2458,1,0,0,0
854,1,0,0,0,1,16,0,1,0,0,0,0,0,0,1,0,0,0,0,0,0,39.4,0,0,1,1
855,0,1,0,0,1,44,1,0,0,0,0,0,1,0,0,0,0,0,0,0,0,26,0,0,1,0
856,0,0,1,0,1,18,0,1,0,0,0,0,1,0,0,0,0,0,0,0,0,9.35,0,0,1,1
857,1,0,0,0,1,45,1,1,0,0,0,0,1,0,0,0,0,0,0,0,0,164.8667,0,0,1,1
858,1,0,0,1,0,51,0,0,0,0,0,0,1,0,0,0,0,0,0,0,0,26.55,0,0,1,1
859,0,0,1,0,1,24,0,3,0,0,0,0,1,0,0,0,0,0,0,0,0,19.2583,1,0,0,1
860,0,0,1,1,0,,0,0,0,0,0,0,1,0,0,0,0,0,0,0,0,7.2292,1,0,0,0
861,0,0,1,1,0,41,2,0,0,0,0,0,1,0,0,0,0,0,0,0,0,14.1083,0,0,1,0
862,0,1,0,1,0,21,1,0,0,0,0,0,1,0,0,0,0,0,0,0,0,11.5,0,0,1,0
863,1,0,0,0,1,48,0,0,0,0,0,0,1,0,0,0,0,0,0,0,0,25.9292,0,0,1,1
864,0,0,1,0,1,,8,2,0,0,1,0,0,0,0,0,0,0,0,0,0,69.55,0,0,1,0
865,0,1,0,1,0,24,0,0,0,0,0,0,1,0,0,0,0,0,0,0,0,13,0,0,1,0
866,0,1,0,0,1,42,0,0,0,0,0,0,1,0,0,0,0,0,0,0,0,13,0,0,1,1
867,0,1,0,0,1,27,1,0,0,0,0,0,0,0,0,0,1,0,0,0,0,13.8583,1,0,0,1
868,1,0,0,1,0,31,0,0,0,0,0,0,0,0,1,0,0,0,0,0,0,50.4958,0,0,1,0
869,0,0,1,1,0,,0,0,0,0,0,0,1,0,0,0,0,0,0,0,0,9.5,0,0,1,0
870,0,0,1,1,0,4,1,1,0,0,0,0,1,0,0,0,0,0,0,0,0,11.1333,0,0,1,1
871,0,0,1,1,0,26,0,0,0,0,0,0,1,0,0,0,0,0,0,0,0,7.8958,0,0,1,0
872,1,0,0,0,1,47,1,1,0,0,0,0,1,0,0,0,0,0,0,0,0,52.5542,0,0,1,1
873,1,0,0,1,0,33,0,0,0,0,0,0,1,0,0,0,0,0,0,0,0,5,0,0,1,0
874,0,0,1,1,0,47,0,0,0,0,0,0,1,0,0,0,0,0,0,0,0,9,0,0,1,0
875,0,1,0,0,1,28,1,0,0,0,0,0,0,0,0,1,0,0,0,0,0,24,1,0,0,1
876,0,0,1,0,1,15,0,0,0,0,0,0,1,0,0,0,0,0,0,0,0,7.225,1,0,0,1
877,0,0,1,1,0,20,0,0,0,0,0,0,1,0,0,0,0,0,0,0,0,9.8458,0,0,1,0
878,0,0,1,1,0,19,0,0,0,0,0,0,1,0,0,0,0,0,0,0,0,7.8958,0,0,1,0
879,0,0,1,1,0,,0,0,0,0,0,0,1,0,0,0,0,0,0,0,0,7.8958,0,0,1,0
880,1,0,0,0,1,56,0,1,0,0,0,0,1,0,0,0,0,0,0,0,0,83.1583,1,0,0,1
881,0,1,0,0,1,25,0,1,0,0,0,0,1,0,0,0,0,0,0,0,0,26,0,0,1,1
882,0,0,1,1,0,33,0,0,0,0,0,0,1,0,0,0,0,0,0,0,0,7.8958,0,0,1,0
883,0,0,1,0,1,22,0,0,0,0,0,0,1,0,0,0,0,0,0,0,0,10.5167,0,0,1,0
884,0,1,0,1,0,28,0,0,0,0,1,0,0,0,0,0,0,0,0,0,0,10.5,0,0,1,0
885,0,0,1,1,0,25,0,0,0,0,0,0,0,0,0,0,0,0,1,0,0,7.05,0,0,1,0
886,0,0,1,0,1,39,0,5,0,0,0,0,1,0,0,0,0,0,0,0,0,29.125,0,1,0,0
887,0,1,0,1,0,27,0,0,0,0,0,0,1,0,0,0,0,0,0,0,0,13,0,0,1,0
888,1,0,0,0,1,19,0,0,0,0,0,0,1,0,0,0,0,0,0,0,0,30,0,0,1,1
889,0,0,1,0,1,,1,2,0,0,0,0,0,0,0,0,0,0,0,0,1,23.45,0,0,1,0
890,1,0,0,1,0,26,0,0,0,0,0,0,1,0,0,0,0,0,0,0,0,30,1,0,0,1
891,0,0,1,1,0,32,0,0,0,0,0,0,1,0,0,0,0,0,0,0,0,7.75,0,1,0,0
892,0,0,1,1,0,34.5,0,0,0,0,0,0,1,0,0,0,0,0,0,0,0,7.8292,0,1,0,
893,0,0,1,0,1,47,1,0,0,0,0,0,1,0,0,0,0,0,0,0,0,7,0,0,1,
894,0,1,0,1,0,62,0,0,0,0,0,0,1,0,0,0,0,0,0,0,0,9.6875,0,1,0,
895,0,0,1,1,0,27,0,0,0,0,0,0,1,0,0,0,0,0,0,0,0,8.6625,0,0,1,
896,0,0,1,0,1,22,1,1,0,0,0,0,1,0,0,0,0,0,0,0,0,12.2875,0,0,1,
897,0,0,1,1,0,14,0,0,0,0,0,0,1,0,0,0,0,0,0,0,0,9.225,0,0,1,
898,0,0,1,0,1,30,0,0,0,0,0,0,1,0,0,0,0,0,0,0,0,7.6292,0,1,0,
899,0,1,0,1,0,26,1,1,0,0,0,0,1,0,0,0,0,0,0,0,0,29,0,0,1,
900,0,0,1,0,1,18,0,0,0,0,0,0,1,0,0,0,0,0,0,0,0,7.2292,1,0,0,
901,0,0,1,1,0,21,2,0,1,0,0,0,0,0,0,0,0,0,0,0,0,24.15,0,0,1,
902,0,0,1,1,0,,0,0,0,0,0,0,1,0,0,0,0,0,0,0,0,7.8958,0,0,1,
903,1,0,0,1,0,46,0,0,0,0,0,0,1,0,0,0,0,0,0,0,0,26,0,0,1,
904,1,0,0,0,1,23,1,0,0,0,0,0,1,0,0,0,0,0,0,0,0,82.2667,0,0,1,
905,0,1,0,1,0,63,1,0,0,0,0,0,1,0,0,0,0,0,0,0,0,26,0,0,1,
906,1,0,0,0,1,47,1,0,0,0,0,0,0,0,0,0,0,0,0,0,1,61.175,0,0,1,
907,0,1,0,0,1,24,1,0,0,0,0,0,0,0,0,0,1,0,0,0,0,27.7208,1,0,0,
908,0,1,0,1,0,35,0,0,0,0,0,0,1,0,0,0,0,0,0,0,0,12.35,0,1,0,
909,0,0,1,1,0,21,0,0,0,0,0,0,1,0,0,0,0,0,0,0,0,7.225,1,0,0,
910,0,0,1,0,1,27,1,0,0,0,0,0,0,0,0,0,0,0,0,1,0,7.925,0,0,1,
911,0,0,1,0,1,45,0,0,0,0,0,0,1,0,0,0,0,0,0,0,0,7.225,1,0,0,
912,1,0,0,1,0,55,1,0,0,0,0,0,0,0,1,0,0,0,0,0,0,59.4,1,0,0,
913,0,0,1,1,0,9,0,1,0,1,0,0,0,0,0,0,0,0,0,0,0,3.1708,0,0,1,
914,1,0,0,0,1,,0,0,0,0,0,0,0,0,1,0,0,0,0,0,0,31.6833,0,0,1,
915,1,0,0,1,0,21,0,1,0,0,0,0,0,0,1,0,0,0,0,0,0,61.3792,1,0,0,
916,1,0,0,0,1,48,1,3,0,0,0,0,0,0,1,0,0,0,0,0,0,262.375,1,0,0,
917,0,0,1,1,0,50,1,0,1,0,0,0,0,0,0,0,0,0,0,0,0,14.5,0,0,1,
918,1,0,0,0,1,22,0,1,0,0,0,0,1,0,0,0,0,0,0,0,0,61.9792,1,0,0,
919,0,0,1,1,0,22.5,0,0,0,0,0,0,1,0,0,0,0,0,0,0,0,7.225,1,0,0,
920,1,0,0,1,0,41,0,0,0,0,0,0,1,0,0,0,0,0,0,0,0,30.5,0,0,1,
921,0,0,1,1,0,,2,0,0,0,0,0,1,0,0,0,0,0,0,0,0,21.6792,1,0,0,
922,0,1,0,1,0,50,1,0,0,0,0,0,0,0,0,0,1,0,0,0,0,26,0,0,1,
923,0,1,0,1,0,24,2,0,0,0,1,0,0,0,0,0,0,0,0,0,0,31.5,0,0,1,
924,0,0,1,0,1,33,1,2,0,0,1,0,0,0,0,0,0,0,0,0,0,20.575,0,0,1,
925,0,0,1,0,1,,1,2,0,0,0,0,0,0,0,0,0,0,0,0,1,23.45,0,0,1,
926,1,0,0,1,0,30,1,0,0,0,0,0,1,0,0,0,0,0,0,0,0,57.75,1,0,0,
927,0,0,1,1,0,18.5,0,0,0,0,0,0,1,0,0,0,0,0,0,0,0,7.2292,1,0,0,
928,0,0,1,0,1,,0,0,0,0,0,0,1,0,0,0,0,0,0,0,0,8.05,0,0,1,
929,0,0,1,0,1,21,0,0,0,0,0,0,1,0,0,0,0,0,0,0,0,8.6625,0,0,1,
930,0,0,1,1,0,25,0,0,0,0,0,0,1,0,0,0,0,0,0,0,0,9.5,0,0,1,
931,0,0,1,1,0,,0,0,0,0,0,0,1,0,0,0,0,0,0,0,0,56.4958,0,0,1,
932,0,0,1,1,0,39,0,1,0,0,0,0,1,0,0,0,0,0,0,0,0,13.4167,1,0,0,
933,1,0,0,1,0,,0,0,0,0,0,0,1,0,0,0,0,0,0,0,0,26.55,0,0,1,
934,0,0,1,1,0,41,0,0,0,0,0,0,0,0,0,0,0,0,1,0,0,7.85,0,0,1,
935,0,1,0,0,1,30,0,0,0,0,0,0,1,0,0,0,0,0,0,0,0,13,0,0,1,
936,1,0,0,0,1,45,1,0,0,0,0,0,1,0,0,0,0,0,0,0,0,52.5542,0,0,1,
937,0,0,1,1,0,25,0,0,0,0,0,0,0,0,0,0,0,0,0,1,0,7.925,0,0,1,
938,1,0,0,1,0,45,0,0,0,0,0,0,0,0,1,0,0,0,0,0,0,29.7,1,0,0,
939,0,0,1,1,0,,0,0,0,0,0,0,1,0,0,0,0,0,0,0,0,7.75,0,1,0,
940,1,0,0,0,1,60,0,0,0,0,0,0,1,0,0,0,0,0,0,0,0,76.2917,1,0,0,
941,0,0,1,0,1,36,0,2,0,0,1,0,0,0,0,0,0,0,0,0,0,15.9,0,0,1,
942,1,0,0,1,0,24,1,0,0,0,0,0,1,0,0,0,0,0,0,0,0,60,0,0,1,
943,0,1,0,1,0,27,0,0,0,0,0,0,0,0,0,0,1,0,0,0,0,15.0333,1,0,0,
944,0,1,0,0,1,20,2,1,0,0,0,0,1,0,0,0,0,0,0,0,0,23,0,0,1,
945,1,0,0,0,1,28,3,2,0,0,0,0,1,0,0,0,0,0,0,0,0,263,0,0,1,
946,0,1,0,1,0,,0,0,0,0,0,0,0,0,0,0,1,0,0,0,0,15.5792,1,0,0,
947,0,0,1,1,0,10,4,1,0,0,0,0,1,0,0,0,0,0,0,0,0,29.125,0,1,0,
948,0,0,1,1,0,35,0,0,0,0,0,0,1,0,0,0,0,0,0,0,0,7.8958,0,0,1,
949,0,0,1,1,0,25,0,0,0,0,0,0,1,0,0,0,0,0,0,0,0,7.65,0,0,1,
950,0,0,1,1,0,,1,0,0,0,0,0,1,0,0,0,0,0,0,0,0,16.1,0,0,1,
951,1,0,0,0,1,36,0,0,0,0,0,0,0,0,1,0,0,0,0,0,0,262.375,1,0,0,
952,0,0,1,1,0,17,0,0,0,0,0,0,1,0,0,0,0,0,0,0,0,7.8958,0,0,1,
953,0,1,0,1,0,32,0,0,0,0,0,0,1,0,0,0,0,0,0,0,0,13.5,0,0,1,
954,0,0,1,1,0,18,0,0,0,0,0,0,1,0,0,0,0,0,0,0,0,7.75,0,0,1,
955,0,0,1,0,1,22,0,0,0,0,0,0,1,0,0,0,0,0,0,0,0,7.725,0,1,0,
956,1,0,0,1,0,13,2,2,0,0,0,0,0,0,1,0,0,0,0,0,0,262.375,1,0,0,
957,0,1,0,0,1,,0,0,0,0,0,1,0,0,0,0,0,0,0,0,0,21,0,0,1,
958,0,0,1,0,1,18,0,0,0,0,0,0,1,0,0,0,0,0,0,0,0,7.8792,0,1,0,
959,1,0,0,1,0,47,0,0,0,0,0,0,1,0,0,0,0,0,0,0,0,42.4,0,0,1,
960,1,0,0,1,0,31,0,0,0,0,0,0,1,0,0,0,0,0,0,0,0,28.5375,1,0,0,
961,1,0,0,0,1,60,1,4,0,0,0,0,1,0,0,0,0,0,0,0,0,263,0,0,1,
962,0,0,1,0,1,24,0,0,0,0,0,0,1,0,0,0,0,0,0,0,0,7.75,0,1,0,
963,0,0,1,1,0,21,0,0,0,0,0,0,1,0,0,0,0,0,0,0,0,7.8958,0,0,1,
964,0,0,1,0,1,29,0,0,0,0,0,0,1,0,0,0,0,0,0,0,0,7.925,0,0,1,
965,1,0,0,1,0,28.5,0,0,0,0,0,0,0,0,1,0,0,0,0,0,0,27.7208,1,0,0,
966,1,0,0,0,1,35,0,0,0,0,0,0,1,0,0,0,0,0,0,0,0,211.5,1,0,0,
967,1,0,0,1,0,32.5,0,0,0,0,0,0,1,0,0,0,0,0,0,0,0,211.5,1,0,0,
968,0,0,1,1,0,,0,0,0,0,0,0,1,0,0,0,0,0,0,0,0,8.05,0,0,1,
969,1,0,0,0,1,55,2,0,0,0,0,0,1,0,0,0,0,0,0,0,0,25.7,0,0,1,
970,0,1,0,1,0,30,0,0,0,0,0,0,1,0,0,0,0,0,0,0,0,13,0,0,1,
971,0,0,1,0,1,24,0,0,0,0,0,0,1,0,0,0,0,0,0,0,0,7.75,0,1,0,
972,0,0,1,1,0,6,1,1,0,0,0,0,1,0,0,0,0,0,0,0,0,15.2458,1,0,0,
973,1,0,0,1,0,67,1,0,0,0,0,0,0,0,1,0,0,0,0,0,0,221.7792,0,0,1,
974,1,0,0,1,0,49,0,0,0,0,0,0,1,0,0,0,0,0,0,0,0,26,0,0,1,
975,0,0,1,1,0,,0,0,0,0,0,0,1,0,0,0,0,0,0,0,0,7.8958,0,0,1,
976,0,1,0,1,0,,0,0,0,0,0,0,1,0,0,0,0,0,0,0,0,10.7083,0,1,0,
977,0,0,1,1,0,,1,0,0,0,0,0,1,0,0,0,0,0,0,0,0,14.4542,1,0,0,
978,0,0,1,0,1,27,0,0,0,0,0,0,1,0,0,0,0,0,0,0,0,7.8792,0,1,0,
979,0,0,1,0,1,18,0,0,1,0,0,0,0,0,0,0,0,0,0,0,0,8.05,0,0,1,
980,0,0,1,0,1,,0,0,0,0,0,0,1,0,0,0,0,0,0,0,0,7.75,0,1,0,
981,0,1,0,1,0,2,1,1,0,0,0,0,1,0,0,0,0,0,0,0,0,23,0,0,1,
982,0,0,1,0,1,22,1,0,0,0,0,0,1,0,0,0,0,0,0,0,0,13.9,0,0,1,
983,0,0,1,1,0,,0,0,0,0,0,0,1,0,0,0,0,0,0,0,0,7.775,0,0,1,
984,1,0,0,0,1,27,1,2,0,0,0,1,0,0,0,0,0,0,0,0,0,52,0,0,1,
985,0,0,1,1,0,,0,0,0,0,0,0,1,0,0,0,0,0,0,0,0,8.05,0,0,1,
986,1,0,0,1,0,25,0,0,0,0,0,0,1,0,0,0,0,0,0,0,0,26,1,0,0,
987,0,0,1,1,0,25,0,0,0,0,0,0,1,0,0,0,0,0,0,0,0,7.7958,0,0,1,
988,1,0,0,0,1,76,1,0,0,0,0,0,1,0,0,0,0,0,0,0,0,78.85,0,0,1,
989,0,0,1,1,0,29,0,0,0,0,0,0,0,0,0,0,0,0,0,1,0,7.925,0,0,1,
990,0,0,1,0,1,20,0,0,0,0,0,0,1,0,0,0,0,0,0,0,0,7.8542,0,0,1,
991,0,0,1,1,0,33,0,0,1,0,0,0,0,0,0,0,0,0,0,0,0,8.05,0,0,1,
992,1,0,0,0,1,43,1,0,0,0,0,0,1,0,0,0,0,0,0,0,0,55.4417,1,0,0,
993,0,1,0,1,0,27,1,0,0,0,0,0,1,0,0,0,0,0,0,0,0,26,0,0,1,
994,0,0,1,1,0,,0,0,0,0,0,0,1,0,0,0,0,0,0,0,0,7.75,0,1,0,
995,0,0,1,1,0,26,0,0,0,0,0,0,1,0,0,0,0,0,0,0,0,7.775,0,0,1,
996,0,0,1,0,1,16,1,1,0,0,0,0,1,0,0,0,0,0,0,0,0,8.5167,1,0,0,
997,0,0,1,1,0,28,0,0,0,1,0,0,0,0,0,0,0,0,0,0,0,22.525,0,0,1,
998,0,0,1,1,0,21,0,0,0,0,0,0,1,0,0,0,0,0,0,0,0,7.8208,0,1,0,
999,0,0,1,1,0,,0,0,0,0,0,0,1,0,0,0,0,0,0,0,0,7.75,0,1,0,
1000,0,0,1,1,0,,0,0,0,0,0,0,1,0,0,0,0,0,0,0,0,8.7125,0,0,1,
1001,0,1,0,1,0,18.5,0,0,0,0,0,0,1,0,0,0,0,0,0,0,0,13,0,0,1,
1002,0,1,0,1,0,41,0,0,0,0,0,0,1,0,0,0,0,0,0,0,0,15.0458,1,0,0,
1003,0,0,1,0,1,,0,0,0,0,0,0,1,0,0,0,0,0,0,0,0,7.7792,0,1,0,
1004,1,0,0,0,1,36,0,0,0,0,0,0,0,0,1,0,0,0,0,0,0,31.6792,1,0,0,
1005,0,0,1,0,1,18.5,0,0,0,0,0,0,1,0,0,0,0,0,0,0,0,7.2833,0,1,0,
1006,1,0,0,0,1,63,1,0,0,0,0,0,0,0,1,0,0,0,0,0,0,221.7792,0,0,1,
1007,0,0,1,1,0,18,1,0,0,0,0,0,1,0,0,0,0,0,0,0,0,14.4542,1,0,0,
1008,0,0,1,1,0,,0,0,0,0,0,0,1,0,0,0,0,0,0,0,0,6.4375,1,0,0,
1009,0,0,1,0,1,1,1,1,0,0,0,0,0,0,0,1,0,0,0,0,0,16.7,0,0,1,
1010,1,0,0,1,0,36,0,0,0,0,0,0,1,0,0,0,0,0,0,0,0,75.2417,1,0,0,
1011,0,1,0,0,1,29,1,0,0,0,0,0,0,0,0,0,1,0,0,0,0,26,0,0,1,
1012,0,1,0,0,1,12,0,0,0,0,1,0,0,0,0,0,0,0,0,0,0,15.75,0,0,1,
1013,0,0,1,1,0,,1,0,0,0,0,0,1,0,0,0,0,0,0,0,0,7.75,0,1,0,
1014,1,0,0,0,1,35,1,0,0,0,0,0,1,0,0,0,0,0,0,0,0,57.75,1,0,0,
1015,0,0,1,1,0,28,0,0,0,0,0,0,1,0,0,0,0,0,0,0,0,7.25,0,0,1,
1016,0,0,1,1,0,,0,0,0,0,0,0,1,0,0,0,0,0,0,0,0,7.75,0,1,0,
1017,0,0,1,0,1,17,0,1,0,0,0,0,1,0,0,0,0,0,0,0,0,16.1,0,0,1,
1018,0,0,1,1,0,22,0,0,0,0,0,0,1,0,0,0,0,0,0,0,0,7.7958,0,0,1,
1019,0,0,1,0,1,,2,0,0,0,0,0,1,0,0,0,0,0,0,0,0,23.25,0,1,0,
1020,0,1,0,1,0,42,0,0,0,0,0,0,1,0,0,0,0,0,0,0,0,13,0,0,1,
1021,0,0,1,1,0,24,0,0,0,0,0,0,1,0,0,0,0,0,0,0,0,8.05,0,0,1,
1022,0,0,1,1,0,32,0,0,0,0,0,0,0,0,0,0,0,0,0,1,0,8.05,0,0,1,
1023,1,0,0,1,0,53,0,0,0,0,0,0,1,0,0,0,0,0,0,0,0,28.5,1,0,0,
1024,0,0,1,0,1,,0,4,0,0,0,0,1,0,0,0,0,0,0,0,0,25.4667,0,0,1,
1025,0,0,1,1,0,,1,0,0,0,0,0,1,0,0,0,0,0,0,0,0,6.4375,1,0,0,
1026,0,0,1,1,0,43,0,0,0,0,0,0,1,0,0,0,0,0,0,0,0,7.8958,0,0,1,
1027,0,0,1,1,0,24,0,0,0,0,0,0,1,0,0,0,0,0,0,0,0,7.8542,0,0,1,
1028,0,0,1,1,0,26.5,0,0,0,0,0,0,1,0,0,0,0,0,0,0,0,7.225,1,0,0,
1029,0,1,0,1,0,26,0,0,0,0,0,0,1,0,0,0,0,0,0,0,0,13,0,0,1,
1030,0,0,1,0,1,23,0,0,0,0,0,0,0,0,0,0,0,0,1,0,0,8.05,0,0,1,
1031,0,0,1,1,0,40,1,6,0,0,1,0,0,0,0,0,0,0,0,0,0,46.9,0,0,1,
1032,0,0,1,0,1,10,5,2,0,0,1,0,0,0,0,0,0,0,0,0,0,46.9,0,0,1,
1033,1,0,0,0,1,33,0,0,0,0,0,0,1,0,0,0,0,0,0,0,0,151.55,0,0,1,
1034,1,0,0,1,0,61,1,3,0,0,0,0,0,0,1,0,0,0,0,0,0,262.375,1,0,0,
1035,0,1,0,1,0,28,0,0,0,0,0,0,1,0,0,0,0,0,0,0,0,26,0,0,1,
1036,1,0,0,1,0,42,0,0,0,0,0,0,1,0,0,0,0,0,0,0,0,26.55,0,0,1,
1037,0,0,1,1,0,31,3,0,0,0,0,0,1,0,0,0,0,0,0,0,0,18,0,0,1,
1038,1,0,0,1,0,,0,0,0,0,0,0,1,0,0,0,0,0,0,0,0,51.8625,0,0,1,
1039,0,0,1,1,0,22,0,0,0,0,0,0,0,0,0,0,1,0,0,0,0,8.05,0,0,1,
1040,1,0,0,1,0,,0,0,0,0,0,0,1,0,0,0,0,0,0,0,0,26.55,0,0,1,
1041,0,1,0,1,0,30,1,1,0,0,0,0,1,0,0,0,0,0,0,0,0,26,0,0,1,
1042,1,0,0,0,1,23,0,1,0,0,0,0,1,0,0,0,0,0,0,0,0,83.1583,1,0,0,
1043,0,0,1,1,0,,0,0,0,0,0,0,1,0,0,0,0,0,0,0,0,7.8958,1,0,0,
1044,0,0,1,1,0,60.5,0,0,0,0,0,0,1,0,0,0,0,0,0,0,0,0,0,0,1,
1045,0,0,1,0,1,36,0,2,0,0,0,0,1,0,0,0,0,0,0,0,0,12.1833,0,0,1,
1046,0,0,1,1,0,13,4,2,0,0,0,0,1,0,0,0,0,0,0,0,0,31.3875,0,0,1,
1047,0,0,1,1,0,24,0,0,0,0,0,0,0,0,0,0,0,1,0,0,0,7.55,0,0,1,
1048,1,0,0,0,1,29,0,0,0,0,0,0,0,0,1,0,0,0,0,0,0,221.7792,0,0,1,
1049,0,0,1,0,1,23,0,0,0,0,0,0,1,0,0,0,0,0,0,0,0,7.8542,0,0,1,
1050,1,0,0,1,0,42,0,0,0,0,0,0,1,0,0,0,0,0,0,0,0,26.55,0,0,1,
1051,0,0,1,0,1,26,0,2,0,0,0,0,0,0,0,0,0,0,1,0,0,13.775,0,0,1,
1052,0,0,1,0,1,,0,0,0,0,0,0,1,0,0,0,0,0,0,0,0,7.7333,0,1,0,
1053,0,0,1,1,0,7,1,1,0,0,0,0,1,0,0,0,0,0,0,0,0,15.2458,1,0,0,
1054,0,1,0,0,1,26,0,0,0,0,0,0,1,0,0,0,0,0,0,0,0,13.5,0,0,1,
1055,0,0,1,1,0,,0,0,0,0,0,0,1,0,0,0,0,0,0,0,0,7,0,0,1,
1056,0,1,0,1,0,41,0,0,0,0,0,0,1,0,0,0,0,0,0,0,0,13,0,0,1,
1057,0,0,1,0,1,26,1,1,0,0,0,0,1,0,0,0,0,0,0,0,0,22.025,0,0,1,
1058,1,0,0,1,0,48,0,0,0,0,0,0,0,0,1,0,0,0,0,0,0,50.4958,1,0,0,
1059,0,0,1,1,0,18,2,2,0,0,0,0,0,0,0,0,0,0,0,0,1,34.375,0,0,1,
1060,1,0,0,0,1,,0,0,0,0,0,0,1,0,0,0,0,0,0,0,0,27.7208,1,0,0,
1061,0,0,1,0,1,22,0,0,0,0,0,0,1,0,0,0,0,0,0,0,0,8.9625,0,0,1,
1062,0,0,1,1,0,,0,0,0,0,0,0,0,0,0,0,0,1,0,0,0,7.55,0,0,1,
1063,0,0,1,1,0,27,0,0,0,0,0,0,1,0,0,0,0,0,0,0,0,7.225,1,0,0,
1064,0,0,1,1,0,23,1,0,0,0,0,0,1,0,0,0,0,0,0,0,0,13.9,0,0,1,
1065,0,0,1,1,0,,0,0,0,0,0,0,1,0,0,0,0,0,0,0,0,7.2292,1,0,0,
1066,0,0,1,1,0,40,1,5,0,0,0,0,1,0,0,0,0,0,0,0,0,31.3875,0,0,1,
1067,0,1,0,0,1,15,0,2,0,0,0,0,1,0,0,0,0,0,0,0,0,39,0,0,1,
1068,0,1,0,0,1,20,0,0,0,0,1,0,0,0,0,0,0,0,0,0,0,36.75,0,0,1,
1069,1,0,0,1,0,54,1,0,0,0,0,0,1,0,0,0,0,0,0,0,0,55.4417,1,0,0,
1070,0,1,0,0,1,36,0,3,0,0,0,0,1,0,0,0,0,0,0,0,0,39,0,0,1,
1071,1,0,0,0,1,64,0,2,0,0,0,0,0,0,1,0,0,0,0,0,0,83.1583,1,0,0,
1072,0,1,0,1,0,30,0,0,0,0,0,0,1,0,0,0,0,0,0,0,0,13,0,0,1,
1073,1,0,0,1,0,37,1,1,0,0,0,0,0,0,1,0,0,0,0,0,0,83.1583,1,0,0,
1074,1,0,0,0,1,18,1,0,0,0,0,0,1,0,0,0,0,0,0,0,0,53.1,0,0,1,
1075,0,0,1,1,0,,0,0,0,0,0,0,1,0,0,0,0,0,0,0,0,7.75,0,1,0,
1076,1,0,0,0,1,27,1,1,0,0,0,0,0,0,1,0,0,0,0,0,0,247.5208,1,0,0,
1077,0,1,0,1,0,40,0,0,0,0,0,0,1,0,0,0,0,0,0,0,0,16,0,0,1,
1078,0,1,0,0,1,21,0,1,0,0,0,0,0,0,0,0,0,1,0,0,0,21,0,0,1,
1079,0,0,1,1,0,17,2,0,1,0,0,0,0,0,0,0,0,0,0,0,0,8.05,0,0,1,
1080,0,0,1,0,1,,8,2,0,0,1,0,0,0,0,0,0,0,0,0,0,69.55,0,0,1,
1081,0,1,0,1,0,40,0,0,0,0,0,0,1,0,0,0,0,0,0,0,0,13,0,0,1,
1082,0,1,0,1,0,34,1,0,0,0,0,0,1,0,0,0,0,0,0,0,0,26,0,0,1,
1083,1,0,0,1,0,,0,0,0,0,0,0,1,0,0,0,0,0,0,0,0,26,0,0,1,
1084,0,0,1,1,0,11.5,1,1,1,0,0,0,0,0,0,0,0,0,0,0,0,14.5,0,0,1,
1085,0,1,0,1,0,61,0,0,0,0,0,0,1,0,0,0,0,0,0,0,0,12.35,0,1,0,
1086,0,1,0,1,0,8,0,2,0,0,0,0,1,0,0,0,0,0,0,0,0,32.5,0,0,1,
1087,0,0,1,1,0,33,0,0,0,0,0,0,1,0,0,0,0,0,0,0,0,7.8542,0,0,1,
1088,1,0,0,1,0,6,0,2,0,0,0,0,1,0,0,0,0,0,0,0,0,134.5,1,0,0,
1089,0,0,1,0,1,18,0,0,0,0,0,0,1,0,0,0,0,0,0,0,0,7.775,0,0,1,
1090,0,1,0,1,0,23,0,0,0,0,1,0,0,0,0,0,0,0,0,0,0,10.5,0,0,1,
1091,0,0,1,0,1,,0,0,0,0,0,0,1,0,0,0,0,0,0,0,0,8.1125,0,0,1,
1092,0,0,1,0,1,,0,0,0,0,0,0,1,0,0,0,0,0,0,0,0,15.5,0,1,0,
1093,0,0,1,1,0,0.33,0,2,0,0,0,0,1,0,0,0,0,0,0,0,0,14.4,0,0,1,
1094,1,0,0,1,0,47,1,0,0,0,0,0,0,0,1,0,0,0,0,0,0,227.525,1,0,0,
1095,0,1,0,0,1,8,1,1,0,0,0,0,1,0,0,0,0,0,0,0,0,26,0,0,1,
1096,0,1,0,1,0,25,0,0,0,0,1,0,0,0,0,0,0,0,0,0,0,10.5,0,0,1,
1097,1,0,0,1,0,,0,0,0,0,0,1,0,0,0,0,0,0,0,0,0,25.7417,1,0,0,
1098,0,0,1,0,1,35,0,0,0,0,0,0,1,0,0,0,0,0,0,0,0,7.75,0,1,0,
1099,0,1,0,1,0,24,0,0,0,0,0,0,1,0,0,0,0,0,0,0,0,10.5,0,0,1,
1100,1,0,0,0,1,33,0,0,0,0,0,0,0,0,1,0,0,0,0,0,0,27.7208,1,0,0,
1101,0,0,1,1,0,25,0,0,0,0,0,0,1,0,0,0,0,0,0,0,0,7.8958,0,0,1,
1102,0,0,1,1,0,32,0,0,0,1,0,0,0,0,0,0,0,0,0,0,0,22.525,0,0,1,
1103,0,0,1,1,0,,0,0,0,0,0,0,0,0,0,0,0,0,1,0,0,7.05,0,0,1,
1104,0,1,0,1,0,17,0,0,0,0,0,0,0,0,0,0,0,1,0,0,0,73.5,0,0,1,
1105,0,1,0,0,1,60,1,0,0,0,0,0,1,0,0,0,0,0,0,0,0,26,0,0,1,
1106,0,0,1,0,1,38,4,2,0,0,0,0,1,0,0,0,0,0,0,0,0,7.775,0,0,1,
1107,1,0,0,1,0,42,0,0,0,0,0,0,1,0,0,0,0,0,0,0,0,42.5,0,0,1,
1108,0,0,1,0,1,,0,0,0,0,0,0,1,0,0,0,0,0,0,0,0,7.8792,0,1,0,
1109,1,0,0,1,0,57,1,1,0,0,0,0,1,0,0,0,0,0,0,0,0,164.8667,0,0,1,
1110,1,0,0,0,1,50,1,1,0,0,0,0,1,0,0,0,0,0,0,0,0,211.5,1,0,0,
1111,0,0,1,1,0,,0,0,0,0,0,0,1,0,0,0,0,0,0,0,0,8.05,0,0,1,
1112,0,1,0,0,1,30,1,0,0,0,0,0,0,0,0,0,1,0,0,0,0,13.8583,1,0,0,
1113,0,0,1,1,0,21,0,0,0,0,0,0,1,0,0,0,0,0,0,0,0,8.05,0,0,1,
1114,0,1,0,0,1,22,0,0,0,0,0,0,0,0,0,0,0,0,0,0,1,10.5,0,0,1,
1115,0,0,1,1,0,21,0,0,0,0,0,0,1,0,0,0,0,0,0,0,0,7.7958,0,0,1,
1116,1,0,0,0,1,53,0,0,0,0,0,0,0,0,1,0,0,0,0,0,0,27.4458,1,0,0,
1117,0,0,1,0,1,,0,2,0,0,0,0,1,0,0,0,0,0,0,0,0,15.2458,1,0,0,
1118,0,0,1,1,0,23,0,0,0,0,0,0,1,0,0,0,0,0,0,0,0,7.7958,0,0,1,
1119,0,0,1,0,1,,0,0,0,0,0,0,1,0,0,0,0,0,0,0,0,7.75,0,1,0,
1120,0,0,1,1,0,40.5,0,0,0,0,1,0,0,0,0,0,0,0,0,0,0,15.1,0,0,1,
1121,0,1,0,1,0,36,0,0,0,0,0,0,1,0,0,0,0,0,0,0,0,13,0,0,1,
1122,0,1,0,1,0,14,0,0,0,0,0,0,1,0,0,0,0,0,0,0,0,65,0,0,1,
1123,1,0,0,0,1,21,0,0,0,0,0,0,1,0,0,0,0,0,0,0,0,26.55,0,0,1,
1124,0,0,1,1,0,21,1,0,0,0,0,0,1,0,0,0,0,0,0,0,0,6.4958,0,0,1,
1125,0,0,1,1,0,,0,0,0,0,0,0,1,0,0,0,0,0,0,0,0,7.8792,0,1,0,
1126,1,0,0,1,0,39,1,0,0,0,0,0,0,0,1,0,0,0,0,0,0,71.2833,1,0,0,
1127,0,0,1,1,0,20,0,0,0,0,0,0,1,0,0,0,0,0,0,0,0,7.8542,0,0,1,
1128,1,0,0,1,0,64,1,0,0,0,0,0,1,0,0,0,0,0,0,0,0,75.25,1,0,0,
1129,0,0,1,1,0,20,0,0,0,0,0,0,1,0,0,0,0,0,0,0,0,7.225,1,0,0,
1130,0,1,0,0,1,18,1,1,0,0,0,0,1,0,0,0,0,0,0,0,0,13,0,0,1,
1131,1,0,0,0,1,48,1,0,0,0,0,0,0,0,1,0,0,0,0,0,0,106.425,1,0,0,
1132,1,0,0,0,1,55,0,0,0,0,0,0,1,0,0,0,0,0,0,0,0,27.7208,1,0,0,
1133,0,1,0,0,1,45,0,2,0,0,0,0,1,0,0,0,0,0,0,0,0,30,0,0,1,
1134,1,0,0,1,0,45,1,1,0,0,0,0,1,0,0,0,0,0,0,0,0,134.5,1,0,0,
1135,0,0,1,1,0,,0,0,0,0,0,0,1,0,0,0,0,0,0,0,0,7.8875,0,0,1,
1136,0,0,1,1,0,,1,2,0,0,0,0,0,0,0,0,0,0,0,0,1,23.45,0,0,1,
1137,1,0,0,1,0,41,1,0,0,0,0,0,1,0,0,0,0,0,0,0,0,51.8625,0,0,1,
1138,0,1,0,0,1,22,0,0,0,0,0,1,0,0,0,0,0,0,0,0,0,21,0,0,1,
1139,0,1,0,1,0,42,1,1,0,0,0,0,1,0,0,0,0,0,0,0,0,32.5,0,0,1,
1140,0,1,0,0,1,29,1,0,0,0,0,0,1,0,0,0,0,0,0,0,0,26,0,0,1,
1141,0,0,1,0,1,,1,0,0,0,0,0,1,0,0,0,0,0,0,0,0,14.4542,1,0,0,
1142,0,1,0,0,1,0.92,1,2,0,0,1,0,0,0,0,0,0,0,0,0,0,27.75,0,0,1,
1143,0,0,1,1,0,20,0,0,0,0,0,0,0,0,0,0,0,0,1,0,0,7.925,0,0,1,
1144,1,0,0,1,0,27,1,0,0,0,0,0,1,0,0,0,0,0,0,0,0,136.7792,1,0,0,
1145,0,0,1,1,0,24,0,0,0,0,0,0,1,0,0,0,0,0,0,0,0,9.325,0,0,1,
1146,0,0,1,1,0,32.5,0,0,0,0,0,0,1,0,0,0,0,0,0,0,0,9.5,0,0,1,
1147,0,0,1,1,0,,0,0,0,0,1,0,0,0,0,0,0,0,0,0,0,7.55,0,0,1,
1148,0,0,1,1,0,,0,0,0,0,0,0,0,1,0,0,0,0,0,0,0,7.75,0,1,0,
1149,0,0,1,1,0,28,0,0,0,0,0,0,1,0,0,0,0,0,0,0,0,8.05,0,0,1,
1150,0,1,0,0,1,19,0,0,0,0,0,0,1,0,0,0,0,0,0,0,0,13,0,0,1,
1151,0,0,1,1,0,21,0,0,0,0,0,0,1,0,0,0,0,0,0,0,0,7.775,0,0,1,
1152,0,0,1,1,0,36.5,1,0,0,0,0,0,1,0,0,0,0,0,0,0,0,17.4,0,0,1,
1153,0,0,1,1,0,21,0,0,0,0,0,0,1,0,0,0,0,0,0,0,0,7.8542,0,0,1,
1154,0,1,0,0,1,29,0,2,0,0,0,0,1,0,0,0,0,0,0,0,0,23,0,0,1,
1155,0,0,1,0,1,1,1,1,0,0,0,0,1,0,0,0,0,0,0,0,0,12.1833,0,0,1,
1156,0,1,0,1,0,30,0,0,0,0,1,0,0,0,0,0,0,0,0,0,0,12.7375,1,0,0,
1157,0,0,1,1,0,,0,0,0,0,0,0,1,0,0,0,0,0,0,0,0,7.8958,0,0,1,
1158,1,0,0,1,0,,0,0,0,0,0,0,1,0,0,0,0,0,0,0,0,0,0,0,1,
1159,0,0,1,1,0,,0,0,0,0,1,0,0,0,0,0,0,0,0,0,0,7.55,0,0,1,
1160,0,0,1,0,1,,0,0,1,0,0,0,0,0,0,0,0,0,0,0,0,8.05,0,0,1,
1161,0,0,1,1,0,17,0,0,0,0,0,0,1,0,0,0,0,0,0,0,0,8.6625,0,0,1,
1162,1,0,0,1,0,46,0,0,0,0,0,0,1,0,0,0,0,0,0,0,0,75.2417,1,0,0,
1163,0,0,1,1,0,,0,0,0,0,0,0,1,0,0,0,0,0,0,0,0,7.75,0,1,0,
1164,1,0,0,0,1,26,1,0,0,0,0,0,1,0,0,0,0,0,0,0,0,136.7792,1,0,0,
1165,0,0,1,0,1,,1,0,0,0,0,0,1,0,0,0,0,0,0,0,0,15.5,0,1,0,
1166,0,0,1,1,0,,0,0,0,0,0,0,1,0,0,0,0,0,0,0,0,7.225,1,0,0,
1167,0,1,0,0,1,20,1,0,0,0,0,0,1,0,0,0,0,0,0,0,0,26,0,0,1,
1168,0,1,0,1,0,28,0,0,0,0,0,0,0,0,0,0,1,0,0,0,0,10.5,0,0,1,
1169,0,1,0,1,0,40,1,0,0,0,0,0,1,0,0,0,0,0,0,0,0,26,0,0,1,
1170,0,1,0,1,0,30,1,0,0,0,1,0,0,0,0,0,0,0,0,0,0,21,0,0,1,
1171,0,1,0,1,0,22,0,0,0,0,0,0,0,0,0,0,0,0,0,0,1,10.5,0,0,1,
1172,0,0,1,0,1,23,0,0,0,0,0,0,1,0,0,0,0,0,0,0,0,8.6625,0,0,1,
1173,0,0,1,1,0,0.75,1,1,0,0,0,0,0,0,0,0,0,0,1,0,0,13.775,0,0,1,
1174,0,0,1,0,1,,0,0,0,0,0,0,1,0,0,0,0,0,0,0,0,7.75,0,1,0,
1175,0,0,1,0,1,9,1,1,0,0,0,0,1,0,0,0,0,0,0,0,0,15.2458,1,0,0,
1176,0,0,1,0,1,2,1,1,0,0,0,0,1,0,0,0,0,0,0,0,0,20.2125,0,0,1,
1177,0,0,1,1,0,36,0,0,1,0,0,0,0,0,0,0,0,0,0,0,0,7.25,0,0,1,
1178,0,0,1,1,0,,0,0,0,0,0,0,0,0,0,0,0,0,1,0,0,7.25,0,0,1,
1179,1,0,0,1,0,24,1,0,0,0,0,0,1,0,0,0,0,0,0,0,0,82.2667,0,0,1,
1180,0,0,1,1,0,,0,0,0,0,0,0,1,0,0,0,0,0,0,0,0,7.2292,1,0,0,
1181,0,0,1,1,0,,0,0,1,0,0,0,0,0,0,0,0,0,0,0,0,8.05,0,0,1,
1182,1,0,0,1,0,,0,0,0,0,0,0,0,0,1,0,0,0,0,0,0,39.6,0,0,1,
1183,0,0,1,0,1,30,0,0,0,0,0,0,1,0,0,0,0,0,0,0,0,6.95,0,1,0,
1184,0,0,1,1,0,,0,0,0,0,0,0,1,0,0,0,0,0,0,0,0,7.2292,1,0,0,
1185,1,0,0,1,0,53,1,1,0,0,0,0,1,0,0,0,0,0,0,0,0,81.8583,0,0,1,
1186,0,0,1,1,0,36,0,0,0,0,0,0,1,0,0,0,0,0,0,0,0,9.5,0,0,1,
1187,0,0,1,1,0,26,0,0,0,0,0,0,1,0,0,0,0,0,0,0,0,7.8958,0,0,1,
1188,0,1,0,0,1,1,1,2,0,0,0,0,0,0,0,0,1,0,0,0,0,41.5792,1,0,0,
1189,0,0,1,1,0,,2,0,0,0,0,0,1,0,0,0,0,0,0,0,0,21.6792,1,0,0,
1190,1,0,0,1,0,30,0,0,0,0,0,0,1,0,0,0,0,0,0,0,0,45.5,0,0,1,
1191,0,0,1,1,0,29,0,0,0,0,0,0,1,0,0,0,0,0,0,0,0,7.8542,0,0,1,
1192,0,0,1,1,0,32,0,0,0,0,0,0,1,0,0,0,0,0,0,0,0,7.775,0,0,1,
1193,0,1,0,1,0,,0,0,0,0,0,0,1,0,0,0,0,0,0,0,0,15.0458,1,0,0,
1194,0,1,0,1,0,43,0,1,0,0,0,0,0,0,0,0,0,1,0,0,0,21,0,0,1,
1195,0,0,1,1,0,24,0,0,0,0,0,0,1,0,0,0,0,0,0,0,0,8.6625,0,0,1,
1196,0,0,1,0,1,,0,0,0,0,0,0,1,0,0,0,0,0,0,0,0,7.75,0,1,0,
1197,1,0,0,0,1,64,1,1,0,0,0,0,1,0,0,0,0,0,0,0,0,26.55,0,0,1,
1198,1,0,0,1,0,30,1,2,0,0,0,0,1,0,0,0,0,0,0,0,0,151.55,0,0,1,
1199,0,0,1,1,0,0.83,0,1,0,0,0,0,1,0,0,0,0,0,0,0,0,9.35,0,0,1,
1200,1,0,0,1,0,55,1,1,0,0,0,0,1,0,0,0,0,0,0,0,0,93.5,0,0,1,
1201,0,0,1,0,1,45,1,0,0,0,0,0,1,0,0,0,0,0,0,0,0,14.1083,0,0,1,
1202,0,0,1,1,0,18,0,0,0,0,0,0,1,0,0,0,0,0,0,0,0,8.6625,0,0,1,
1203,0,0,1,1,0,22,0,0,0,0,0,0,1,0,0,0,0,0,0,0,0,7.225,1,0,0,
1204,0,0,1,1,0,,0,0,0,0,0,0,0,1,0,0,0,0,0,0,0,7.575,0,0,1,
1205,0,0,1,0,1,37,0,0,0,0,0,0,1,0,0,0,0,0,0,0,0,7.75,0,1,0,
1206,1,0,0,0,1,55,0,0,0,0,0,0,0,0,1,0,0,0,0,0,0,135.6333,1,0,0,
1207,0,0,1,0,1,17,0,0,0,0,0,0,0,1,0,0,0,0,0,0,0,7.7333,0,1,0,
1208,1,0,0,1,0,57,1,0,0,0,0,0,0,0,1,0,0,0,0,0,0,146.5208,1,0,0,
1209,0,1,0,1,0,19,0,0,0,0,0,0,1,0,0,0,0,0,0,0,0,10.5,0,0,1,
1210,0,0,1,1,0,27,0,0,0,0,0,0,1,0,0,0,0,0,0,0,0,7.8542,0,0,1,
1211,0,1,0,1,0,22,2,0,0,0,1,0,0,0,0,0,0,0,0,0,0,31.5,0,0,1,
1212,0,0,1,1,0,26,0,0,0,0,0,0,1,0,0,0,0,0,0,0,0,7.775,0,0,1,
1213,0,0,1,1,0,25,0,0,0,0,0,0,1,0,0,0,0,0,0,0,0,7.2292,1,0,0,
1214,0,1,0,1,0,26,0,0,0,0,0,0,1,0,0,0,0,0,0,0,0,13,0,0,1,
1215,1,0,0,1,0,33,0,0,0,0,0,0,1,0,0,0,0,0,0,0,0,26.55,0,0,1,
1216,1,0,0,0,1,39,0,0,0,0,0,0,1,0,0,0,0,0,0,0,0,211.3375,0,0,1,
1217,0,0,1,1,0,23,0,0,0,0,0,0,0,0,0,0,0,0,1,0,0,7.05,0,0,1,
1218,0,1,0,0,1,12,2,1,0,0,0,0,1,0,0,0,0,0,0,0,0,39,0,0,1,
1219,1,0,0,1,0,46,0,0,0,0,0,0,0,0,1,0,0,0,0,0,0,79.2,1,0,0,
1220,0,1,0,1,0,29,1,0,0,0,0,0,1,0,0,0,0,0,0,0,0,26,0,0,1,
1221,0,1,0,1,0,21,0,0,0,0,0,0,1,0,0,0,0,0,0,0,0,13,0,0,1,
1222,0,1,0,0,1,48,0,2,0,0,1,0,0,0,0,0,0,0,0,0,0,36.75,0,0,1,
1223,1,0,0,1,0,39,0,0,0,0,0,0,0,0,1,0,0,0,0,0,0,29.7,1,0,0,
1224,0,0,1,1,0,,0,0,0,0,0,0,1,0,0,0,0,0,0,0,0,7.225,1,0,0,
1225,0,0,1,0,1,19,1,1,0,0,0,0,1,0,0,0,0,0,0,0,0,15.7417,1,0,0,
1226,0,0,1,1,0,27,0,0,0,0,0,0,1,0,0,0,0,0,0,0,0,7.8958,0,0,1,
1227,1,0,0,1,0,30,0,0,0,0,0,0,1,0,0,0,0,0,0,0,0,26,0,0,1,
1228,0,1,0,1,0,32,0,0,0,0,0,0,1,0,0,0,0,0,0,0,0,13,0,0,1,
1229,0,0,1,1,0,39,0,2,0,0,0,0,1,0,0,0,0,0,0,0,0,7.2292,1,0,0,
1230,0,1,0,1,0,25,0,0,0,0,1,0,0,0,0,0,0,0,0,0,0,31.5,0,0,1,
1231,0,0,1,1,0,,0,0,0,0,0,0,1,0,0,0,0,0,0,0,0,7.2292,1,0,0,
1232,0,1,0,1,0,18,0,0,0,0,1,0,0,0,0,0,0,0,0,0,0,10.5,0,0,1,
1233,0,0,1,1,0,32,0,0,0,0,0,0,1,0,0,0,0,0,0,0,0,7.5792,0,0,1,
1234,0,0,1,1,0,,1,9,0,0,1,0,0,0,0,0,0,0,0,0,0,69.55,0,0,1,
1235,1,0,0,0,1,58,0,1,0,0,0,0,0,0,1,0,0,0,0,0,0,512.3292,1,0,0,
1236,0,0,1,1,0,,1,1,1,0,0,0,0,0,0,0,0,0,0,0,0,14.5,0,0,1,
1237,0,0,1,0,1,16,0,0,0,0,0,0,1,0,0,0,0,0,0,0,0,7.65,0,0,1,
1238,0,1,0,1,0,26,0,0,0,0,0,0,1,0,0,0,0,0,0,0,0,13,0,0,1,
1239,0,0,1,0,1,38,0,0,0,0,0,0,1,0,0,0,0,0,0,0,0,7.2292,1,0,0,
1240,0,1,0,1,0,24,0,0,0,0,0,0,1,0,0,0,0,0,0,0,0,13.5,0,0,1,
1241,0,1,0,0,1,31,0,0,0,0,0,1,0,0,0,0,0,0,0,0,0,21,0,0,1,
1242,1,0,0,0,1,45,0,1,0,0,0,0,0,0,1,0,0,0,0,0,0,63.3583,1,0,0,
1243,0,1,0,1,0,25,0,0,0,0,0,1,0,0,0,0,0,0,0,0,0,10.5,0,0,1,
1244,0,1,0,1,0,18,0,0,0,0,0,0,0,0,0,0,0,1,0,0,0,73.5,0,0,1,
1245,0,1,0,1,0,49,1,2,0,0,0,0,1,0,0,0,0,0,0,0,0,65,0,0,1,
1246,0,0,1,0,1,0.17,1,2,0,0,1,0,0,0,0,0,0,0,0,0,0,20.575,0,0,1,
1247,1,0,0,1,0,50,0,0,0,0,0,0,1,0,0,0,0,0,0,0,0,26,0,0,1,
1248,1,0,0,0,1,59,2,0,0,0,0,0,1,0,0,0,0,0,0,0,0,51.4792,0,0,1,
1249,0,0,1,1,0,,0,0,0,0,0,0,1,0,0,0,0,0,0,0,0,7.8792,0,0,1,
1250,0,0,1,1,0,,0,0,0,0,0,0,1,0,0,0,0,0,0,0,0,7.75,0,1,0,
1251,0,0,1,0,1,30,1,0,0,0,0,0,1,0,0,0,0,0,0,0,0,15.55,0,0,1,
1252,0,0,1,1,0,14.5,8,2,0,0,1,0,0,0,0,0,0,0,0,0,0,69.55,0,0,1,
1253,0,1,0,0,1,24,1,1,0,0,0,0,0,0,0,0,1,0,0,0,0,37.0042,1,0,0,
1254,0,1,0,0,1,31,0,0,0,0,1,0,0,0,0,0,0,0,0,0,0,21,0,0,1,
1255,0,0,1,1,0,27,0,0,0,0,0,0,1,0,0,0,0,0,0,0,0,8.6625,0,0,1,
1256,1,0,0,0,1,25,1,0,0,0,0,0,1,0,0,0,0,0,0,0,0,55.4417,1,0,0,
1257,0,0,1,0,1,,1,9,0,0,1,0,0,0,0,0,0,0,0,0,0,69.55,0,0,1,
1258,0,0,1,1,0,,1,0,0,0,0,0,1,0,0,0,0,0,0,0,0,14.4583,1,0,0,
1259,0,0,1,0,1,22,0,0,0,0,0,0,1,0,0,0,0,0,0,0,0,39.6875,0,0,1,
1260,1,0,0,0,1,45,0,1,0,0,0,0,1,0,0,0,0,0,0,0,0,59.4,1,0,0,
1261,0,1,0,1,0,29,0,0,0,0,0,0,0,0,0,0,1,0,0,0,0,13.8583,1,0,0,
1262,0,1,0,1,0,21,1,0,0,0,0,0,1,0,0,0,0,0,0,0,0,11.5,0,0,1,
1263,1,0,0,0,1,31,0,0,0,0,0,0,1,0,0,0,0,0,0,0,0,134.5,1,0,0,
1264,1,0,0,1,0,49,0,0,0,0,0,0,1,0,0,0,0,0,0,0,0,0,0,0,1,
1265,0,1,0,1,0,44,0,0,0,0,0,0,1,0,0,0,0,0,0,0,0,13,0,0,1,
1266,1,0,0,0,1,54,1,1,0,0,0,0,1,0,0,0,0,0,0,0,0,81.8583,0,0,1,
1267,1,0,0,0,1,45,0,0,0,0,0,0,0,0,1,0,0,0,0,0,0,262.375,1,0,0,
1268,0,0,1,0,1,22,2,0,0,0,0,0,1,0,0,0,0,0,0,0,0,8.6625,0,0,1,
1269,0,1,0,1,0,21,0,0,0,0,0,0,1,0,0,0,0,0,0,0,0,11.5,0,0,1,
1270,1,0,0,1,0,55,0,0,0,0,0,0,1,0,0,0,0,0,0,0,0,50,0,0,1,
1271,0,0,1,1,0,5,4,2,0,0,0,0,1,0,0,0,0,0,0,0,0,31.3875,0,0,1,
1272,0,0,1,1,0,,0,0,0,0,0,0,1,0,0,0,0,0,0,0,0,7.75,0,1,0,
1273,0,0,1,1,0,26,0,0,0,0,0,0,1,0,0,0,0,0,0,0,0,7.8792,0,1,0,
1274,0,0,1,0,1,,0,0,0,0,0,0,1,0,0,0,0,0,0,0,0,14.5,0,0,1,
1275,0,0,1,0,1,19,1,0,0,0,0,0,1,0,0,0,0,0,0,0,0,16.1,0,0,1,
1276,0,1,0,1,0,,0,0,0,0,0,0,0,0,0,0,1,0,0,0,0,12.875,0,0,1,
1277,0,1,0,0,1,24,1,2,0,0,0,0,1,0,0,0,0,0,0,0,0,65,0,0,1,
1278,0,0,1,1,0,24,0,0,0,0,0,0,1,0,0,0,0,0,0,0,0,7.775,0,0,1,
1279,0,1,0,1,0,57,0,0,0,0,0,0,1,0,0,0,0,0,0,0,0,13,0,0,1,
1280,0,0,1,1,0,21,0,0,0,0,0,0,1,0,0,0,0,0,0,0,0,7.75,0,1,0,
1281,0,0,1,1,0,6,3,1,0,0,0,0,1,0,0,0,0,0,0,0,0,21.075,0,0,1,
1282,1,0,0,1,0,23,0,0,0,0,0,0,1,0,0,0,0,0,0,0,0,93.5,0,0,1,
1283,1,0,0,0,1,51,0,1,0,0,0,0,0,0,1,0,0,0,0,0,0,39.4,0,0,1,
1284,0,0,1,1,0,13,0,2,0,0,1,0,0,0,0,0,0,0,0,0,0,20.25,0,0,1,
1285,0,1,0,1,0,47,0,0,0,0,1,0,0,0,0,0,0,0,0,0,0,10.5,0,0,1,
1286,0,0,1,1,0,29,3,1,0,0,0,0,1,0,0,0,0,0,0,0,0,22.025,0,0,1,
1287,1,0,0,0,1,18,1,0,0,0,0,0,1,0,0,0,0,0,0,0,0,60,0,0,1,
1288,0,0,1,1,0,24,0,0,0,0,0,0,1,0,0,0,0,0,0,0,0,7.25,0,1,0,
1289,1,0,0,0,1,48,1,1,0,0,0,0,1,0,0,0,0,0,0,0,0,79.2,1,0,0,
1290,0,0,1,1,0,22,0,0,0,0,0,0,1,0,0,0,0,0,0,0,0,7.775,0,0,1,
1291,0,0,1,1,0,31,0,0,0,0,0,0,1,0,0,0,0,0,0,0,0,7.7333,0,1,0,
1292,1,0,0,0,1,30,0,0,0,0,0,0,1,0,0,0,0,0,0,0,0,164.8667,0,0,1,
1293,0,1,0,1,0,38,1,0,0,0,0,0,1,0,0,0,0,0,0,0,0,21,0,0,1,
1294,1,0,0,0,1,22,0,1,0,0,0,0,1,0,0,0,0,0,0,0,0,59.4,1,0,0,
1295,1,0,0,1,0,17,0,0,0,0,0,0,1,0,0,0,0,0,0,0,0,47.1,0,0,1,
1296,1,0,0,1,0,43,1,0,0,0,0,0,1,0,0,0,0,0,0,0,0,27.7208,1,0,0,
1297,0,1,0,1,0,20,0,0,0,0,0,0,0,0,0,0,1,0,0,0,0,13.8625,1,0,0,
1298,0,1,0,1,0,23,1,0,0,0,0,0,1,0,0,0,0,0,0,0,0,10.5,0,0,1,
1299,1,0,0,1,0,50,1,1,0,0,0,0,1,0,0,0,0,0,0,0,0,211.5,1,0,0,
1300,0,0,1,0,1,,0,0,0,0,0,0,1,0,0,0,0,0,0,0,0,7.7208,0,1,0,
1301,0,0,1,0,1,3,1,1,0,0,0,0,0,0,0,0,0,0,1,0,0,13.775,0,0,1,
1302,0,0,1,0,1,,0,0,0,0,0,0,1,0,0,0,0,0,0,0,0,7.75,0,1,0,
1303,1,0,0,0,1,37,1,0,0,0,0,0,1,0,0,0,0,0,0,0,0,90,0,1,0,
1304,0,0,1,0,1,28,0,0,0,0,0,0,1,0,0,0,0,0,0,0,0,7.775,0,0,1,
1305,0,0,1,1,0,,0,0,1,0,0,0,0,0,0,0,0,0,0,0,0,8.05,0,0,1,
1306,1,0,0,0,1,39,0,0,0,0,0,0,0,0,1,0,0,0,0,0,0,108.9,1,0,0,
1307,0,0,1,1,0,38.5,0,0,0,0,0,0,0,0,0,0,0,0,1,0,0,7.25,0,0,1,
1308,0,0,1,1,0,,0,0,0,0,0,0,1,0,0,0,0,0,0,0,0,8.05,0,0,1,
1309,0,0,1,1,0,,1,1,0,0,0,0,1,0,0,0,0,0,0,0,0,22.3583,1,0,0,
